collection	text_type	type	num_types	num_tokens	num_sents
2019-03_gambell-scans	eng_titlepage	Readers	755	2575	449
2019-03_gambell-scans	ess_titlepage	Readers	638	1223	360
2019-03_gambell-scans	eng_content	Readers	2470	10660	1187
2019-03_gambell-scans	ess_content	Readers	17103	29083	7075
jacobson_eoc	eng_titlepage	Jacobson	0	0	0
jacobson_eoc	ess_titlepage	Jacobson	0	0	0
jacobson_eoc	eng_content	Jacobson	0	0	0
jacobson_eoc	ess_content	Jacobson	771	906	306
level1.kallagneghet-drumbeats	eng_titlepage	Readers	220	375	30
level1.kallagneghet-drumbeats	ess_titlepage	Readers	68	85	40
level1.kallagneghet-drumbeats	eng_content	Readers	2800	11193	1045
level1.kallagneghet-drumbeats	ess_content	Readers	3283	4244	922
level2.akiingqwaghneghet-echoes	eng_titlepage	Readers	78	120	28
level2.akiingqwaghneghet-echoes	ess_titlepage	Readers	51	67	28
level2.akiingqwaghneghet-echoes	eng_content	Readers	2370	11113	974
level2.akiingqwaghneghet-echoes	ess_content	Readers	3831	5291	1157
level3.suluwet-whisperings	eng_titlepage	Readers	217	317	94
level3.suluwet-whisperings	ess_titlepage	Readers	77	107	57
level3.suluwet-whisperings	eng_content	Readers	3368	16964	1419
level3.suluwet-whisperings	ess_content	Readers	4330	5629	1211
nagai	eng_titlepage	Oral Narratives	764	1427	95
nagai	ess_titlepage	Oral Narratives	15	15	14
nagai	eng_content	Oral Narratives	1114	5195	386
nagai	ess_content	Oral Narratives	1327	1832	350
new_testament	eng_titlepage	New Testament	0	0	0
new_testament	ess_titlepage	New Testament	0	0	0
new_testament	eng_content	New Testament	16882	236203	7879
new_testament	ess_content	New Testament	40849	122381	7861
sivuqam_volume1	eng_titlepage	Oral Narratives	85	125	35
sivuqam_volume1	ess_titlepage	Oral Narratives	52	82	36
sivuqam_volume1	eng_content	Oral Narratives	3359	17587	1219
sivuqam_volume1	ess_content	Oral Narratives	4886	6889	1177
sivuqam_volume2	eng_titlepage	Oral Narratives	100	151	44
sivuqam_volume2	ess_titlepage	Oral Narratives	76	155	53
sivuqam_volume2	eng_content	Oral Narratives	5372	30942	2663
sivuqam_volume2	ess_content	Oral Narratives	8147	11686	2211
sivuqam_volume3	eng_titlepage	Oral Narratives	2849	7107	499
sivuqam_volume3	ess_titlepage	Oral Narratives	58	92	40
sivuqam_volume3	eng_content	Oral Narratives	5768	34722	2938
sivuqam_volume3	ess_content	Oral Narratives	8920	12968	2557
ungipaghaghlanga	eng_titlepage	Oral Narratives	1604	3897	212
ungipaghaghlanga	ess_titlepage	Oral Narratives	587	1322	215
ungipaghaghlanga	eng_content	Oral Narratives	3754	31888	3168
ungipaghaghlanga	ess_content	Oral Narratives	7781	14416	3437
					