collection	text_name	text_type	num_types	num_tokens	num_sents
2019-03_gambell-scans	Aghnaaneq_Neghsaq_Teghigniqelghii	eng_content	331	1032	127
2019-03_gambell-scans	Angalgaam_Qikmii	eng_content	119	333	39
2019-03_gambell-scans	Anglilleqlu_Ayemruugtelleqlu	eng_content	107	146	19
2019-03_gambell-scans	Atavut_Kaatuq	eng_content	59	102	19
2019-03_gambell-scans	Kapigem_Nengllugutngi_Kayusighiit	eng_content	38	44	7
2019-03_gambell-scans	Kaviighhaankuk_Meteghllugenkuk	eng_content	209	443	27
2019-03_gambell-scans	Kulusiq	eng_content	44	112	24
2019-03_gambell-scans	Mekelghiighaaq_Umegneghllagmi	eng_content	218	481	34
2019-03_gambell-scans	Naayvamun_Pilghiit	eng_content	154	350	48
2019-03_gambell-scans	Nagatek	eng_content	23	35	8
2019-03_gambell-scans	Naten_Teghikusat_Qavaghaqat	eng_content	40	90	16
2019-03_gambell-scans	Neghqwaaghenka	eng_content	90	146	18
2019-03_gambell-scans	Nerset	eng_content	75	114	15
2019-03_gambell-scans	Pata_Ama_Ilangi	eng_content	111	184	26
2019-03_gambell-scans	Piinleghani	eng_content	477	1407	77
2019-03_gambell-scans	Piitesiighaatlu_ama_Piitutetlu	eng_content	74	127	23
2019-03_gambell-scans	Piyaataalghiit	eng_content	198	460	48
2019-03_gambell-scans	Qateghyiighaghhaankuk_Meteghllugenkuk	eng_content	160	340	21
2019-03_gambell-scans	Qepghaghaqukut_Naghaaghaqukut	eng_content	76	312	52
2019-03_gambell-scans	Qula	eng_content	100	138	13
2019-03_gambell-scans	Qungluk_Liillghii_Pugimameng	eng_content	195	393	25
2019-03_gambell-scans	Rudolph_Quyngiq	eng_content	345	911	102
2019-03_gambell-scans	Sallghet	eng_content	46	55	21
2019-03_gambell-scans	Sigutegka	eng_content	59	89	16
2019-03_gambell-scans	Sikiggaankuk_Meteghllugenkuk	eng_content	155	291	24
2019-03_gambell-scans	Taaghtat_Sangwaa_Saaqatgu	eng_content	101	180	30
2019-03_gambell-scans	Tafi	eng_content	13	18	6
2019-03_gambell-scans	Talli	eng_content	102	179	20
2019-03_gambell-scans	Teghikusam_Avaqutii	eng_content	56	84	19
2019-03_gambell-scans	Teghikusat_Nengit	eng_content	61	117	24
2019-03_gambell-scans	Tungtunkuk_Kayungiighhaankuk	eng_content	114	256	18
2019-03_gambell-scans	Ukusta_Nengllugutenka	eng_content	110	432	58
2019-03_gambell-scans	Ulimayaghqat	eng_content	204	375	55
2019-03_gambell-scans	Ungazighmiit	eng_content	114	164	27
2019-03_gambell-scans	Yugunqgusiq	eng_content	286	720	81
level1.kallagneghet-drumbeats	01_Sivuqaq	eng_content	141	218	15
level1.kallagneghet-drumbeats	02_ChewingGum	eng_content	224	562	66
level1.kallagneghet-drumbeats	02_ChewingGum-Note	eng_content	59	84	6
level1.kallagneghet-drumbeats	04_RavenWolf	eng_content	510	1262	147
level1.kallagneghet-drumbeats	06_Kiiluq	eng_content	170	325	28
level1.kallagneghet-drumbeats	08_Christmas	eng_content	974	2540	192
level1.kallagneghet-drumbeats	10_UglyBoy	eng_content	420	985	85
level1.kallagneghet-drumbeats	12_Iistumii	eng_content	237	473	57
level1.kallagneghet-drumbeats	12_Iistumii-Appendix	eng_content	53	62	6
level1.kallagneghet-drumbeats	14_Tooth	eng_content	347	710	69
level1.kallagneghet-drumbeats	16_Kaspik	eng_content	608	1523	136
level1.kallagneghet-drumbeats	18_Squirrel	eng_content	331	760	77
level1.kallagneghet-drumbeats	19_Glossary	eng_content	540	1102	102
level1.kallagneghet-drumbeats	HuntingBag	eng_content	24	28	4
level1.kallagneghet-drumbeats	IceTest	eng_content	104	196	21
level1.kallagneghet-drumbeats	Idioms	eng_content	195	363	34
level2.akiingqwaghneghet-echoes	1	eng_content	109	154	28
level2.akiingqwaghneghet-echoes	2	eng_content	368	857	71
level2.akiingqwaghneghet-echoes	3	eng_content	165	331	24
level2.akiingqwaghneghet-echoes	4	eng_content	331	869	84
level2.akiingqwaghneghet-echoes	5	eng_content	149	246	22
level2.akiingqwaghneghet-echoes	6	eng_content	252	492	39
level2.akiingqwaghneghet-echoes	7	eng_content	447	1098	96
level2.akiingqwaghneghet-echoes	8	eng_content	592	1388	127
level2.akiingqwaghneghet-echoes	9	eng_content	621	1784	157
level2.akiingqwaghneghet-echoes	10	eng_content	355	847	68
level2.akiingqwaghneghet-echoes	11	eng_content	390	988	87
level2.akiingqwaghneghet-echoes	12	eng_content	167	365	39
level2.akiingqwaghneghet-echoes	13	eng_content	499	1270	99
level2.akiingqwaghneghet-echoes	4T	eng_content	89	138	10
level2.akiingqwaghneghet-echoes	5I	eng_content	70	88	8
level2.akiingqwaghneghet-echoes	6I	eng_content	35	35	2
level2.akiingqwaghneghet-echoes	7I	eng_content	61	71	5
level2.akiingqwaghneghet-echoes	8I	eng_content	33	38	4
level2.akiingqwaghneghet-echoes	9I	eng_content	47	54	4
level3.suluwet-whisperings	01_SCHOOL_Igaghvigraaghaq	eng_content	430	1060	87
level3.suluwet-whisperings	02_SEASONS_Uksuq-Upengaq-Kiik-Uksaaq	eng_content	217	325	71
level3.suluwet-whisperings	03_SHIRT_Kavilnguuk	eng_content	276	458	34
level3.suluwet-whisperings	04_MOUNTAIN_Naayghaa	eng_content	82	103	20
level3.suluwet-whisperings	05_CAMP_Nunaamnni	eng_content	383	784	53
level3.suluwet-whisperings	06_ROCKS_Uyghagi	eng_content	81	110	20
level3.suluwet-whisperings	07_MUREGG_Manigi	eng_content	121	201	13
level3.suluwet-whisperings	08_ICETEST_Tugweq	eng_content	156	290	28
level3.suluwet-whisperings	09_BIRD1-Leghlleq	eng_content	35	46	2
level3.suluwet-whisperings	09_DOG_Qikmim	eng_content	144	284	31
level3.suluwet-whisperings	10_BIRD2_Alpa	eng_content	137	200	18
level3.suluwet-whisperings	10_INSECTS_Tunusat	eng_content	188	376	33
level3.suluwet-whisperings	11_BIRD3_Pagrugwaq	eng_content	38	42	4
level3.suluwet-whisperings	11_FATHER_Atam	eng_content	495	1363	114
level3.suluwet-whisperings	12_BIRD4_Tekeyiighaq	eng_content	55	75	3
level3.suluwet-whisperings	12_MOUSE_Ilutuqaq	eng_content	143	244	23
level3.suluwet-whisperings	13_REINDEER_Aghulisigatat	eng_content	98	147	17
level3.suluwet-whisperings	14_STOVE_Egllungllaq	eng_content	201	422	33
level3.suluwet-whisperings	15_SULPIK1	eng_content	246	481	43
level3.suluwet-whisperings	16_SULPIK2	eng_content	285	652	47
level3.suluwet-whisperings	17_SULPIK3	eng_content	342	689	61
level3.suluwet-whisperings	18_CASES_Suflugwamun	eng_content	60	117	19
level3.suluwet-whisperings	19_GIANT_Mayeraaghpagllak	eng_content	428	1093	104
level3.suluwet-whisperings	20_ORPHAN_Yaywaali	eng_content	1061	3815	304
level3.suluwet-whisperings	ERIC	eng_content	454	1069	69
level3.suluwet-whisperings	HOMON1	eng_content	33	39	5
level3.suluwet-whisperings	HOMON2	eng_content	31	41	4
level3.suluwet-whisperings	HOMON3	eng_content	34	43	4
level3.suluwet-whisperings	HOMON4	eng_content	31	41	6
level3.suluwet-whisperings	KAVIQ	eng_content	688	2354	149
nagai	nagai.part1.text1	eng_content	435	1186	91
nagai	nagai.part1.text10	eng_content	106	205	16
nagai	nagai.part1.text11	eng_content	170	392	34
nagai	nagai.part1.text12	eng_content	148	299	26
nagai	nagai.part1.text13	eng_content	172	431	33
nagai	nagai.part1.text14	eng_content	135	263	22
nagai	nagai.part1.text2	eng_content	87	154	10
nagai	nagai.part1.text3	eng_content	133	266	12
nagai	nagai.part1.text4	eng_content	107	173	10
nagai	nagai.part1.text5	eng_content	139	284	17
nagai	nagai.part1.text6	eng_content	134	293	21
nagai	nagai.part1.text7	eng_content	188	472	42
nagai	nagai.part1.text8	eng_content	114	251	15
nagai	nagai.part1.text9	eng_content	216	526	37
new_testament	B01_01_Matthew	eng_content	255	545	25
new_testament	B01_02_Matthew	eng_content	288	715	21
new_testament	B01_03_Matthew	eng_content	276	617	17
new_testament	B01_04_Matthew	eng_content	323	768	24
new_testament	B01_05_Matthew	eng_content	502	1470	48
new_testament	B01_06_Matthew	eng_content	360	981	34
new_testament	B01_07_Matthew	eng_content	328	883	29
new_testament	B01_08_Matthew	eng_content	403	1023	34
new_testament	B01_09_Matthew	eng_content	455	1176	37
new_testament	B01_10_Matthew	eng_content	455	1258	42
new_testament	B01_11_Matthew	eng_content	378	961	30
new_testament	B01_12_Matthew	eng_content	517	1364	50
new_testament	B01_13_Matthew	eng_content	602	1841	57
new_testament	B01_14_Matthew	eng_content	391	933	34
new_testament	B01_15_Matthew	eng_content	437	1142	38
new_testament	B01_16_Matthew	eng_content	346	825	28
new_testament	B01_17_Matthew	eng_content	352	781	27
new_testament	B01_18_Matthew	eng_content	424	1291	35
new_testament	B01_19_Matthew	eng_content	374	966	30
new_testament	B01_20_Matthew	eng_content	378	1019	34
new_testament	B01_21_Matthew	eng_content	549	1543	46
new_testament	B01_22_Matthew	eng_content	454	1171	46
new_testament	B01_23_Matthew	eng_content	415	1097	39
new_testament	B01_24_Matthew	eng_content	509	1350	51
new_testament	B01_25_Matthew	eng_content	455	1400	46
new_testament	B01_26_Matthew	eng_content	704	2195	75
new_testament	B01_27_Matthew	eng_content	679	1942	65
new_testament	B01_28_Matthew	eng_content	255	584	20
new_testament	B02_01_Mark	eng_content	468	1232	44
new_testament	B02_02_Mark	eng_content	356	923	28
new_testament	B02_03_Mark	eng_content	344	807	34
new_testament	B02_04_Mark	eng_content	468	1286	40
new_testament	B02_05_Mark	eng_content	452	1250	42
new_testament	B02_06_Mark	eng_content	599	1787	55
new_testament	B02_07_Mark	eng_content	432	1058	36
new_testament	B02_08_Mark	eng_content	443	1223	37
new_testament	B02_09_Mark	eng_content	552	1565	49
new_testament	B02_10_Mark	eng_content	564	1577	52
new_testament	B02_11_Mark	eng_content	408	1055	32
new_testament	B02_12_Mark	eng_content	527	1500	44
new_testament	B02_13_Mark	eng_content	415	1011	37
new_testament	B02_14_Mark	eng_content	730	2240	72
new_testament	B02_15_Mark	eng_content	541	1458	46
new_testament	B02_16_Mark	eng_content	291	669	20
new_testament	B03_01_Luke	eng_content	659	1893	79
new_testament	B03_02_Luke	eng_content	497	1319	51
new_testament	B03_03_Luke	eng_content	428	1050	38
new_testament	B03_04_Luke	eng_content	483	1314	44
new_testament	B03_05_Luke	eng_content	468	1195	39
new_testament	B03_06_Luke	eng_content	554	1510	49
new_testament	B03_07_Luke	eng_content	575	1660	50
new_testament	B03_08_Luke	eng_content	631	1932	55
new_testament	B03_09_Luke	eng_content	669	1949	61
new_testament	B03_10_Luke	eng_content	509	1355	42
new_testament	B03_11_Luke	eng_content	625	1714	54
new_testament	B03_12_Luke	eng_content	638	1756	59
new_testament	B03_13_Luke	eng_content	450	1116	35
new_testament	B03_14_Luke	eng_content	427	1064	35
new_testament	B03_15_Luke	eng_content	388	1037	32
new_testament	B03_16_Luke	eng_content	416	1006	30
new_testament	B03_17_Luke	eng_content	436	1057	37
new_testament	B03_18_Luke	eng_content	439	1092	43
new_testament	B03_19_Luke	eng_content	528	1456	48
new_testament	B03_20_Luke	eng_content	489	1234	47
new_testament	B03_21_Luke	eng_content	417	1035	38
new_testament	B03_22_Luke	eng_content	622	1789	71
new_testament	B03_23_Luke	eng_content	556	1557	55
new_testament	B03_24_Luke	eng_content	502	1358	53
new_testament	B04_01_John	eng_content	457	1329	50
new_testament	B04_02_John	eng_content	291	703	25
new_testament	B04_03_John	eng_content	346	938	36
new_testament	B04_04_John	eng_content	502	1328	53
new_testament	B04_05_John	eng_content	457	1236	47
new_testament	B04_06_John	eng_content	542	1689	71
new_testament	B04_07_John	eng_content	442	1183	53
new_testament	B04_08_John	eng_content	497	1495	59
new_testament	B04_09_John	eng_content	354	1065	41
new_testament	B04_10_John	eng_content	370	1004	41
new_testament	B04_11_John	eng_content	499	1394	57
new_testament	B04_12_John	eng_content	500	1250	49
new_testament	B04_13_John	eng_content	383	1048	38
new_testament	B04_14_John	eng_content	277	885	31
new_testament	B04_15_John	eng_content	253	713	27
new_testament	B04_16_John	eng_content	283	862	33
new_testament	B04_17_John	eng_content	216	715	26
new_testament	B04_18_John	eng_content	409	1092	40
new_testament	B04_19_John	eng_content	477	1311	42
new_testament	B04_20_John	eng_content	341	924	31
new_testament	B04_21_John	eng_content	329	842	25
new_testament	B05_01_Acts	eng_content	368	893	22
new_testament	B05_02_Acts	eng_content	518	1373	46
new_testament	B05_03_Acts	eng_content	349	862	25
new_testament	B05_04_Acts	eng_content	428	1210	35
new_testament	B05_05_Acts	eng_content	483	1241	41
new_testament	B05_06_Acts	eng_content	217	436	15
new_testament	B05_07_Acts	eng_content	636	1782	60
new_testament	B05_08_Acts	eng_content	457	1181	35
new_testament	B05_09_Acts	eng_content	489	1371	41
new_testament	B05_10_Acts	eng_content	547	1489	46
new_testament	B05_11_Acts	eng_content	382	951	29
new_testament	B05_12_Acts	eng_content	359	848	25
new_testament	B05_13_Acts	eng_content	596	1680	50
new_testament	B05_14_Acts	eng_content	363	863	27
new_testament	B05_15_Acts	eng_content	441	1160	41
new_testament	B05_16_Acts	eng_content	493	1309	40
new_testament	B05_17_Acts	eng_content	434	1093	34
new_testament	B05_18_Acts	eng_content	367	828	28
new_testament	B05_19_Acts	eng_content	530	1438	41
new_testament	B05_20_Acts	eng_content	471	1110	38
new_testament	B05_21_Acts	eng_content	481	1266	40
new_testament	B05_22_Acts	eng_content	394	977	30
new_testament	B05_23_Acts	eng_content	454	1301	34
new_testament	B05_24_Acts	eng_content	371	856	27
new_testament	B05_25_Acts	eng_content	361	1000	27
new_testament	B05_26_Acts	eng_content	428	1071	32
new_testament	B05_27_Acts	eng_content	542	1684	44
new_testament	B05_28_Acts	eng_content	452	1093	30
new_testament	B06_01_Romans	eng_content	402	1029	32
new_testament	B06_02_Romans	eng_content	313	841	29
new_testament	B06_03_Romans	eng_content	310	717	31
new_testament	B06_04_Romans	eng_content	264	716	25
new_testament	B06_05_Romans	eng_content	233	565	21
new_testament	B06_06_Romans	eng_content	212	534	23
new_testament	B06_07_Romans	eng_content	259	773	25
new_testament	B06_08_Romans	eng_content	391	1158	39
new_testament	B06_09_Romans	eng_content	386	970	32
new_testament	B06_10_Romans	eng_content	254	578	21
new_testament	B06_11_Romans	eng_content	408	1126	36
new_testament	B06_12_Romans	eng_content	264	541	21
new_testament	B06_13_Romans	eng_content	220	468	14
new_testament	B06_14_Romans	eng_content	284	725	23
new_testament	B06_15_Romans	eng_content	383	975	33
new_testament	B06_16_Romans	eng_content	288	657	26
new_testament	B07_01_1Corinthians	eng_content	307	871	31
new_testament	B07_02_1Corinthians	eng_content	196	440	16
new_testament	B07_03_1Corinthians	eng_content	262	569	22
new_testament	B07_04_1Corinthians	eng_content	270	618	21
new_testament	B07_05_1Corinthians	eng_content	196	446	11
new_testament	B07_06_1Corinthians	eng_content	245	559	18
new_testament	B07_07_1Corinthians	eng_content	413	1225	40
new_testament	B07_08_1Corinthians	eng_content	194	377	13
new_testament	B07_09_1Corinthians	eng_content	328	875	27
new_testament	B07_10_1Corinthians	eng_content	338	866	32
new_testament	B07_11_1Corinthians	eng_content	331	950	34
new_testament	B07_12_1Corinthians	eng_content	319	894	31
new_testament	B07_13_1Corinthians	eng_content	168	362	13
new_testament	B07_14_1Corinthians	eng_content	418	1283	40
new_testament	B07_15_1Corinthians	eng_content	515	1496	54
new_testament	B07_16_1Corinthians	eng_content	260	589	24
new_testament	B08_01_2Corinthians	eng_content	301	872	24
new_testament	B08_02_2Corinthians	eng_content	227	587	17
new_testament	B08_03_2Corinthians	eng_content	208	501	18
new_testament	B08_04_2Corinthians	eng_content	262	672	18
new_testament	B08_05_2Corinthians	eng_content	263	643	21
new_testament	B08_06_2Corinthians	eng_content	251	538	18
new_testament	B08_07_2Corinthians	eng_content	233	507	16
new_testament	B08_08_2Corinthians	eng_content	271	679	24
new_testament	B08_09_2Corinthians	eng_content	206	462	15
new_testament	B08_10_2Corinthians	eng_content	243	610	18
new_testament	B08_11_2Corinthians	eng_content	435	965	33
new_testament	B08_12_2Corinthians	eng_content	304	732	21
new_testament	B08_13_2Corinthians	eng_content	188	409	14
new_testament	B09_01_Galatians	eng_content	287	647	24
new_testament	B09_02_Galatians	eng_content	339	883	21
new_testament	B09_03_Galatians	eng_content	340	1021	29
new_testament	B09_04_Galatians	eng_content	367	960	30
new_testament	B09_05_Galatians	eng_content	307	667	26
new_testament	B09_06_Galatians	eng_content	223	511	18
new_testament	B10_01_Ephesians	eng_content	239	677	22
new_testament	B10_02_Ephesians	eng_content	239	534	22
new_testament	B10_03_Ephesians	eng_content	217	504	21
new_testament	B10_04_Ephesians	eng_content	344	845	32
new_testament	B10_05_Ephesians	eng_content	335	754	33
new_testament	B10_06_Ephesians	eng_content	277	631	23
new_testament	B11_01_Philippians	eng_content	292	750	30
new_testament	B11_02_Philippians	eng_content	339	907	28
new_testament	B11_03_Philippians	eng_content	267	711	21
new_testament	B11_04_Philippians	eng_content	283	624	23
new_testament	B12_01_Colossians	eng_content	318	843	29
new_testament	B12_02_Colossians	eng_content	278	616	23
new_testament	B12_03_Colossians	eng_content	295	691	25
new_testament	B12_04_Colossians	eng_content	218	439	18
new_testament	B13_01_1Thessalonians	eng_content	141	280	10
new_testament	B13_02_1Thessalonians	eng_content	255	645	19
new_testament	B13_03_1Thessalonians	eng_content	181	393	13
new_testament	B13_04_1Thessalonians	eng_content	214	501	18
new_testament	B13_05_1Thessalonians	eng_content	235	493	28
new_testament	B14_01_2Thessalonians	eng_content	152	367	12
new_testament	B14_02_2Thessalonians	eng_content	238	500	17
new_testament	B14_03_2Thessalonians	eng_content	221	491	18
new_testament	B15_01_1Timothy	eng_content	273	610	20
new_testament	B15_02_1Timothy	eng_content	174	329	14
new_testament	B15_03_1Timothy	eng_content	200	428	16
new_testament	B15_04_1Timothy	eng_content	202	393	16
new_testament	B15_05_1Timothy	eng_content	332	635	25
new_testament	B15_06_1Timothy	eng_content	300	671	21
new_testament	B16_01_2Timothy	eng_content	255	531	18
new_testament	B16_02_2Timothy	eng_content	331	638	26
new_testament	B16_03_2Timothy	eng_content	235	394	17
new_testament	B16_04_2Timothy	eng_content	271	554	22
new_testament	B17_01_Titus	eng_content	246	482	16
new_testament	B17_02_Titus	eng_content	182	349	15
new_testament	B17_03_Titus	eng_content	225	428	15
new_testament	B18_01_Philemon	eng_content	244	525	25
new_testament	B19_01_Hebrews	eng_content	211	418	14
new_testament	B19_02_Hebrews	eng_content	264	589	18
new_testament	B19_03_Hebrews	eng_content	214	436	18
new_testament	B19_04_Hebrews	eng_content	250	557	16
new_testament	B19_05_Hebrews	eng_content	187	367	14
new_testament	B19_06_Hebrews	eng_content	262	578	18
new_testament	B19_07_Hebrews	eng_content	344	884	28
new_testament	B19_08_Hebrews	eng_content	221	528	13
new_testament	B19_09_Hebrews	eng_content	356	847	28
new_testament	B19_10_Hebrews	eng_content	451	1042	39
new_testament	B19_11_Hebrews	eng_content	500	1187	40
new_testament	B19_12_Hebrews	eng_content	399	855	29
new_testament	B19_13_Hebrews	eng_content	313	726	25
new_testament	B20_01_James	eng_content	334	741	26
new_testament	B20_02_James	eng_content	316	681	26
new_testament	B20_03_James	eng_content	267	514	18
new_testament	B20_04_James	eng_content	238	483	17
new_testament	B20_05_James	eng_content	271	620	19
new_testament	B21_01_1Peter	eng_content	335	828	25
new_testament	B21_02_1Peter	eng_content	319	731	25
new_testament	B21_03_1Peter	eng_content	322	740	22
new_testament	B21_04_1Peter	eng_content	267	652	19
new_testament	B21_05_1Peter	eng_content	207	453	14
new_testament	B22_01_2Peter	eng_content	287	592	21
new_testament	B22_02_2Peter	eng_content	369	815	21
new_testament	B22_03_2Peter	eng_content	277	690	18
new_testament	B23_01_1John	eng_content	115	255	10
new_testament	B23_02_1John	eng_content	278	834	29
new_testament	B23_03_1John	eng_content	222	625	23
new_testament	B23_04_1John	eng_content	186	523	21
new_testament	B23_05_1John	eng_content	202	594	21
new_testament	B24_01_2John	eng_content	183	383	13
new_testament	B25_01_3John	eng_content	202	375	14
new_testament	B26_01_Jude	eng_content	402	965	25
new_testament	B27_01_Revelation	eng_content	309	721	20
new_testament	B27_02_Revelation	eng_content	362	958	29
new_testament	B27_03_Revelation	eng_content	312	851	22
new_testament	B27_04_Revelation	eng_content	202	462	11
new_testament	B27_05_Revelation	eng_content	210	536	14
new_testament	B27_06_Revelation	eng_content	248	570	17
new_testament	B27_07_Revelation	eng_content	244	664	17
new_testament	B27_08_Revelation	eng_content	204	574	13
new_testament	B27_09_Revelation	eng_content	282	753	21
new_testament	B27_10_Revelation	eng_content	179	404	11
new_testament	B27_11_Revelation	eng_content	323	759	19
new_testament	B27_12_Revelation	eng_content	269	592	18
new_testament	B27_13_Revelation	eng_content	247	671	18
new_testament	B27_14_Revelation	eng_content	311	808	20
new_testament	B27_15_Revelation	eng_content	149	279	8
new_testament	B27_16_Revelation	eng_content	288	691	21
new_testament	B27_17_Revelation	eng_content	265	613	18
new_testament	B27_18_Revelation	eng_content	378	1086	24
new_testament	B27_19_Revelation	eng_content	329	807	21
new_testament	B27_20_Revelation	eng_content	230	570	15
new_testament	B27_21_Revelation	eng_content	341	857	27
new_testament	B27_22_Revelation	eng_content	292	745	21
sivuqam_volume1	volume1.part1.text1	eng_content	347	798	61
sivuqam_volume1	volume1.part1.text2	eng_content	889	2636	189
sivuqam_volume1	volume1.part1.text3	eng_content	223	482	31
sivuqam_volume1	volume1.part1.text4	eng_content	393	828	59
sivuqam_volume1	volume1.part2.text1	eng_content	556	1604	109
sivuqam_volume1	volume1.part2.text2	eng_content	253	528	40
sivuqam_volume1	volume1.part2.text3	eng_content	626	1746	121
sivuqam_volume1	volume1.part2.text4	eng_content	851	2691	174
sivuqam_volume1	volume1.part2.text5	eng_content	222	409	29
sivuqam_volume1	volume1.part2.text6	eng_content	241	659	41
sivuqam_volume1	volume1.part2.text7	eng_content	271	593	42
sivuqam_volume1	volume1.part3.text1	eng_content	370	919	59
sivuqam_volume1	volume1.part3.text2	eng_content	360	792	68
sivuqam_volume1	volume1.part3.text3	eng_content	74	171	25
sivuqam_volume1	volume1.part3.text4	eng_content	540	1478	84
sivuqam_volume1	volume1.part3.text5	eng_content	224	433	31
sivuqam_volume1	volume1.part3.text6	eng_content	133	222	14
sivuqam_volume1	volume1.part3.text7	eng_content	301	598	42
sivuqam_volume2	volume2.part1.text1	eng_content	813	2125	174
sivuqam_volume2	volume2.part1.text2	eng_content	115	177	18
sivuqam_volume2	volume2.part1.text3	eng_content	601	1368	121
sivuqam_volume2	volume2.part1.text4	eng_content	256	466	37
sivuqam_volume2	volume2.part2.text1	eng_content	213	371	31
sivuqam_volume2	volume2.part2.text2	eng_content	1626	5696	447
sivuqam_volume2	volume2.part2.text3	eng_content	207	393	31
sivuqam_volume2	volume2.part3.text1	eng_content	888	2596	214
sivuqam_volume2	volume2.part3.text2	eng_content	1096	2921	235
sivuqam_volume2	volume2.part3.text3	eng_content	1262	4288	390
sivuqam_volume2	volume2.part3.text4	eng_content	329	690	49
sivuqam_volume2	volume2.part3.text5	eng_content	1474	4874	494
sivuqam_volume2	volume2.part4.text1	eng_content	416	973	60
sivuqam_volume2	volume2.part4.text2	eng_content	125	221	18
sivuqam_volume2	volume2.part4.text3	eng_content	575	1550	153
sivuqam_volume2	volume2.part4.text4	eng_content	143	220	19
sivuqam_volume2	volume2.part4.text5	eng_content	483	1119	100
sivuqam_volume2	volume2.part4.text6	eng_content	384	894	72
sivuqam_volume3	volume3.part1.text1	eng_content	1190	3910	315
sivuqam_volume3	volume3.part1.text2	eng_content	780	1944	154
sivuqam_volume3	volume3.part1.text3	eng_content	498	1150	116
sivuqam_volume3	volume3.part1.text4	eng_content	247	469	43
sivuqam_volume3	volume3.part1.text5	eng_content	765	1879	162
sivuqam_volume3	volume3.part1.text6	eng_content	652	1613	140
sivuqam_volume3	volume3.part2.text1	eng_content	319	690	57
sivuqam_volume3	volume3.part2.text2	eng_content	875	2327	174
sivuqam_volume3	volume3.part2.text3	eng_content	2191	9554	769
sivuqam_volume3	volume3.part2.text4	eng_content	727	1904	151
sivuqam_volume3	volume3.part2.text5	eng_content	749	1866	157
sivuqam_volume3	volume3.part2.text6	eng_content	402	908	59
sivuqam_volume3	volume3.part3.text1	eng_content	851	2845	266
sivuqam_volume3	volume3.part3.text2	eng_content	236	566	63
sivuqam_volume3	volume3.part3.text3	eng_content	393	849	91
sivuqam_volume3	volume3.part3.text4	eng_content	159	291	29
sivuqam_volume3	volume3.part3.text5	eng_content	383	896	87
sivuqam_volume3	volume3.part3.text6	eng_content	392	1061	105
ungipaghaghlanga	ungi.part1-ayveghlaq.text1	eng_content	452	1164	127
ungipaghaghlanga	ungi.part1-ayveghlaq.text2	eng_content	644	2154	214
ungipaghaghlanga	ungi.part1-ayveghlaq.text3	eng_content	536	1503	159
ungipaghaghlanga	ungi.part1-ayveghlaq.text4	eng_content	517	1442	165
ungipaghaghlanga	ungi.part1-ayveghlaq.text5	eng_content	560	1820	180
ungipaghaghlanga	ungi.part1-ayveghlaq.text6	eng_content	291	674	80
ungipaghaghlanga	ungi.part1-ayveghlaq.text7	eng_content	189	366	32
ungipaghaghlanga	ungi.part1-ayveghlaq.text8	eng_content	70	197	16
ungipaghaghlanga	ungi.part2-tagikaq.text10	eng_content	103	189	16
ungipaghaghlanga	ungi.part2-tagikaq.text11	eng_content	186	340	37
ungipaghaghlanga	ungi.part2-tagikaq.text12	eng_content	417	1151	115
ungipaghaghlanga	ungi.part2-tagikaq.text13	eng_content	608	2358	242
ungipaghaghlanga	ungi.part2-tagikaq.text14	eng_content	515	1541	174
ungipaghaghlanga	ungi.part2-tagikaq.text15	eng_content	345	958	84
ungipaghaghlanga	ungi.part2-tagikaq.text16	eng_content	67	88	10
ungipaghaghlanga	ungi.part2-tagikaq.text17	eng_content	177	322	37
ungipaghaghlanga	ungi.part2-tagikaq.text18	eng_content	218	450	46
ungipaghaghlanga	ungi.part2-tagikaq.text19	eng_content	203	984	111
ungipaghaghlanga	ungi.part2-tagikaq.text20	eng_content	388	1132	108
ungipaghaghlanga	ungi.part2-tagikaq.text9	eng_content	94	287	33
ungipaghaghlanga	ungi.part3-asuya.text21	eng_content	297	628	65
ungipaghaghlanga	ungi.part3-asuya.text22	eng_content	105	182	23
ungipaghaghlanga	ungi.part4-alghalek.text23	eng_content	344	826	77
ungipaghaghlanga	ungi.part4-alghalek.text24	eng_content	357	897	76
ungipaghaghlanga	ungi.part4-alghalek.text25	eng_content	326	962	79
ungipaghaghlanga	ungi.part4-alghalek.text26	eng_content	602	1926	162
ungipaghaghlanga	ungi.part4-alghalek.text27	eng_content	481	1408	118
ungipaghaghlanga	ungi.part4-alghalek.text28	eng_content	273	640	55
ungipaghaghlanga	ungi.part4-alghalek.text29	eng_content	427	1061	98
ungipaghaghlanga	ungi.part4-alghalek.text30	eng_content	219	447	44
ungipaghaghlanga	ungi.part4-alghalek.text31	eng_content	599	2029	180
ungipaghaghlanga	ungi.part4-alghalek.text32	eng_content	151	404	42
ungipaghaghlanga	ungi.part5-nanughhaq.text33	eng_content	49	69	15
ungipaghaghlanga	ungi.part5-nanughhaq.text34	eng_content	242	526	65
ungipaghaghlanga	ungi.part6-wiri.text35	eng_content	282	763	83
2019-03_gambell-scans	Aghnaaneq_Neghsaq_Teghigniqelghii	eng_titlepage	4	4	1
2019-03_gambell-scans	Angalgaam_Qikmii	eng_titlepage	2	2	1
2019-03_gambell-scans	Anglilleqlu_Ayemruugtelleqlu	eng_titlepage	15	16	4
2019-03_gambell-scans	Atavut_Kaatuq	eng_titlepage	3	3	1
2019-03_gambell-scans	Ayumiim_Ungipaghaatangi_I	eng_titlepage	62	68	12
2019-03_gambell-scans	Ayumiim_Ungipaghaatangi_II	eng_titlepage	73	99	22
2019-03_gambell-scans	Ayumiim_Ungipaghaatangi_III	eng_titlepage	74	113	13
2019-03_gambell-scans	Ayumiim_Ungipaghaatangi_IV	eng_titlepage	81	168	19
2019-03_gambell-scans	Gguutka	eng_titlepage	14	15	3
2019-03_gambell-scans	Kapigem_Nengllugutngi_Kayusighiit	eng_titlepage	3	3	1
2019-03_gambell-scans	Kaviighhaankuk_Meteghllugenkuk	eng_titlepage	34	37	8
2019-03_gambell-scans	Kiiluuq	eng_titlepage	42	52	13
2019-03_gambell-scans	Mekelghiighaaq_Umegneghllagmi	eng_titlepage	52	62	16
2019-03_gambell-scans	Naayvamun_Pilghiit	eng_titlepage	11	12	3
2019-03_gambell-scans	Nagatek	eng_titlepage	55	68	18
2019-03_gambell-scans	Naten_Teghikusat_Qavaghaqat	eng_titlepage	56	69	17
2019-03_gambell-scans	Neghqwaaghenka	eng_titlepage	18	20	6
2019-03_gambell-scans	Nerset	eng_titlepage	53	66	17
2019-03_gambell-scans	Otayahuk_Ungazimi	eng_titlepage	48	56	13
2019-03_gambell-scans	Pangeghtellghet	eng_titlepage	182	294	25
2019-03_gambell-scans	Piinleghani	eng_titlepage	191	291	28
2019-03_gambell-scans	Piitesiighaatlu_ama_Piitutetlu	eng_titlepage	56	67	17
2019-03_gambell-scans	Piyaataalghiit	eng_titlepage	4	4	1
2019-03_gambell-scans	Qateghyiighaghhaankuk_Meteghllugenkuk	eng_titlepage	79	115	18
2019-03_gambell-scans	Qateperewaaghmeng_Aatkaqelghii_Yuuk	eng_titlepage	50	62	11
2019-03_gambell-scans	Qawaagpaget_Qinuyugtullghiit	eng_titlepage	49	56	13
2019-03_gambell-scans	Qula	eng_titlepage	72	92	12
2019-03_gambell-scans	Qungluk_Liillghii_Pugimameng	eng_titlepage	4	4	1
2019-03_gambell-scans	Rudolph_Quyngiq	eng_titlepage	50	58	15
2019-03_gambell-scans	Sallghet	eng_titlepage	45	57	10
2019-03_gambell-scans	Sigutegka	eng_titlepage	56	66	15
2019-03_gambell-scans	Sikiggaankuk_Meteghllugenkuk	eng_titlepage	47	55	13
2019-03_gambell-scans	Sivuqam_Neghyugnallghan_Yataaghqellghan_Igii	eng_titlepage	50	63	14
2019-03_gambell-scans	Sivuqam_Ungipamsugi	eng_titlepage	80	116	20
2019-03_gambell-scans	Taaghtat_Sangwaa_Saaqatgu	eng_titlepage	18	23	6
2019-03_gambell-scans	Tafi	eng_titlepage	1	1	1
2019-03_gambell-scans	Talli	eng_titlepage	79	110	16
2019-03_gambell-scans	Teghikusam_Avaqutii	eng_titlepage	14	15	4
2019-03_gambell-scans	Teghikusat_Nengit	eng_titlepage	21	28	7
2019-03_gambell-scans	Tungtunkuk_Kayungiighhaankuk	eng_titlepage	15	17	4
2019-03_gambell-scans	Ukusta_Nengllugutenka	eng_titlepage	21	26	6
2019-03_gambell-scans	Ungazighmiit	eng_titlepage	18	21	3
2019-03_gambell-scans	Yugunqgusiq	eng_titlepage	1	1	1
level1.kallagneghet-drumbeats	00_Preface	eng_titlepage	169	306	9
level1.kallagneghet-drumbeats	01_Sivuqaq	eng_titlepage	10	11	2
level1.kallagneghet-drumbeats	02_ChewingGum	eng_titlepage	7	7	2
level1.kallagneghet-drumbeats	04_RavenWolf	eng_titlepage	6	6	2
level1.kallagneghet-drumbeats	06_Kiiluq	eng_titlepage	4	4	2
level1.kallagneghet-drumbeats	08_Christmas	eng_titlepage	5	5	2
level1.kallagneghet-drumbeats	10_UglyBoy	eng_titlepage	7	7	2
level1.kallagneghet-drumbeats	12_Iistumii	eng_titlepage	6	6	2
level1.kallagneghet-drumbeats	14_Tooth	eng_titlepage	6	6	3
level1.kallagneghet-drumbeats	16_Kaspik	eng_titlepage	9	9	2
level1.kallagneghet-drumbeats	18_Squirrel	eng_titlepage	8	8	2
level2.akiingqwaghneghet-echoes	1	eng_titlepage	13	13	2
level2.akiingqwaghneghet-echoes	2	eng_titlepage	12	13	2
level2.akiingqwaghneghet-echoes	3	eng_titlepage	8	8	2
level2.akiingqwaghneghet-echoes	4	eng_titlepage	7	7	2
level2.akiingqwaghneghet-echoes	5	eng_titlepage	4	4	2
level2.akiingqwaghneghet-echoes	6	eng_titlepage	9	9	2
level2.akiingqwaghneghet-echoes	7	eng_titlepage	6	6	2
level2.akiingqwaghneghet-echoes	8	eng_titlepage	6	6	2
level2.akiingqwaghneghet-echoes	9	eng_titlepage	7	7	2
level2.akiingqwaghneghet-echoes	10	eng_titlepage	8	8	2
level2.akiingqwaghneghet-echoes	11	eng_titlepage	14	14	2
level2.akiingqwaghneghet-echoes	12	eng_titlepage	7	7	2
level2.akiingqwaghneghet-echoes	13	eng_titlepage	8	8	2
level2.akiingqwaghneghet-echoes	4T	eng_titlepage	10	10	2
level3.suluwet-whisperings	01_SCHOOL_Igaghvigraaghaq	eng_titlepage	6	6	2
level3.suluwet-whisperings	02_SEASONS_Uksuq-Upengaq-Kiik-Uksaaq	eng_titlepage	4	4	1
level3.suluwet-whisperings	03_SHIRT_Kavilnguuk	eng_titlepage	6	6	2
level3.suluwet-whisperings	04_MOUNTAIN_Naayghaa	eng_titlepage	4	4	2
level3.suluwet-whisperings	05_CAMP_Nunaamnni	eng_titlepage	6	6	2
level3.suluwet-whisperings	07_MUREGG_Manigi	eng_titlepage	4	4	2
level3.suluwet-whisperings	08_ICETEST_Tugweq	eng_titlepage	7	7	2
level3.suluwet-whisperings	09_BIRD1-Leghlleq	eng_titlepage	2	2	1
level3.suluwet-whisperings	09_DOG_Qikmim	eng_titlepage	7	7	2
level3.suluwet-whisperings	10_BIRD2_Alpa	eng_titlepage	1	1	1
level3.suluwet-whisperings	10_INSECTS_Tunusat	eng_titlepage	8	8	2
level3.suluwet-whisperings	11_BIRD3_Pagrugwaq	eng_titlepage	2	2	1
level3.suluwet-whisperings	11_FATHER_Atam	eng_titlepage	5	5	2
level3.suluwet-whisperings	12_BIRD4_Tekeyiighaq	eng_titlepage	2	2	1
level3.suluwet-whisperings	12_MOUSE_Ilutuqaq	eng_titlepage	7	7	2
level3.suluwet-whisperings	13_REINDEER_Aghulisigatat	eng_titlepage	11	11	2
level3.suluwet-whisperings	14_STOVE_Egllungllaq	eng_titlepage	8	8	2
level3.suluwet-whisperings	15_SULPIK1	eng_titlepage	6	6	2
level3.suluwet-whisperings	16_SULPIK2	eng_titlepage	5	5	2
level3.suluwet-whisperings	17_SULPIK3	eng_titlepage	5	5	2
level3.suluwet-whisperings	18_CASES_Suflugwamun	eng_titlepage	11	12	2
level3.suluwet-whisperings	19_GIANT_Mayeraaghpagllak	eng_titlepage	9	9	2
level3.suluwet-whisperings	20_ORPHAN_Yaywaali	eng_titlepage	8	8	2
level3.suluwet-whisperings	CONTENTS	eng_titlepage	113	134	35
level3.suluwet-whisperings	ERIC	eng_titlepage	9	9	2
level3.suluwet-whisperings	HOMON1	eng_titlepage	3	3	2
level3.suluwet-whisperings	HOMON2	eng_titlepage	3	3	2
level3.suluwet-whisperings	HOMON3	eng_titlepage	3	3	2
level3.suluwet-whisperings	HOMON4	eng_titlepage	3	3	2
level3.suluwet-whisperings	JESSIE	eng_titlepage	4	4	2
level3.suluwet-whisperings	KAVIQ	eng_titlepage	15	15	2
level3.suluwet-whisperings	PART1	eng_titlepage	1	1	1
level3.suluwet-whisperings	PART2	eng_titlepage	2	2	1
level3.suluwet-whisperings	PART3	eng_titlepage	2	2	1
level3.suluwet-whisperings	PART4	eng_titlepage	3	3	1
nagai	nagai.introduction-tableofcontents	eng_titlepage	744	1394	82
nagai	nagai.part1.text1	eng_titlepage	4	4	1
nagai	nagai.part1.text10	eng_titlepage	3	3	1
nagai	nagai.part1.text11	eng_titlepage	2	2	1
nagai	nagai.part1.text12	eng_titlepage	2	2	1
nagai	nagai.part1.text13	eng_titlepage	3	3	1
nagai	nagai.part1.text14	eng_titlepage	2	2	1
nagai	nagai.part1.text2	eng_titlepage	2	2	1
nagai	nagai.part1.text3	eng_titlepage	2	2	1
nagai	nagai.part1.text4	eng_titlepage	3	3	1
nagai	nagai.part1.text5	eng_titlepage	2	2	1
nagai	nagai.part1.text6	eng_titlepage	3	3	1
nagai	nagai.part1.text7	eng_titlepage	2	2	1
nagai	nagai.part1.text8	eng_titlepage	2	2	1
nagai	nagai.part1.text9	eng_titlepage	2	2	1
sivuqam_volume1	volume1.part1.text1	eng_titlepage	7	7	2
sivuqam_volume1	volume1.part1.text2	eng_titlepage	12	12	2
sivuqam_volume1	volume1.part1.text3	eng_titlepage	5	5	2
sivuqam_volume1	volume1.part1.text4	eng_titlepage	7	8	2
sivuqam_volume1	volume1.part2.text1	eng_titlepage	9	9	2
sivuqam_volume1	volume1.part2.text2	eng_titlepage	6	6	2
sivuqam_volume1	volume1.part2.text3	eng_titlepage	10	10	2
sivuqam_volume1	volume1.part2.text4	eng_titlepage	7	7	2
sivuqam_volume1	volume1.part2.text5	eng_titlepage	7	7	2
sivuqam_volume1	volume1.part2.text6	eng_titlepage	5	5	2
sivuqam_volume1	volume1.part2.text7	eng_titlepage	5	5	2
sivuqam_volume1	volume1.part3.text1	eng_titlepage	5	5	2
sivuqam_volume1	volume1.part3.text2	eng_titlepage	5	5	2
sivuqam_volume1	volume1.part3.text3	eng_titlepage	6	6	1
sivuqam_volume1	volume1.part3.text4	eng_titlepage	5	5	2
sivuqam_volume1	volume1.part3.text5	eng_titlepage	7	7	2
sivuqam_volume1	volume1.part3.text6	eng_titlepage	9	9	2
sivuqam_volume1	volume1.part3.text7	eng_titlepage	7	7	2
sivuqam_volume2	volume2.part1.text1	eng_titlepage	12	14	4
sivuqam_volume2	volume2.part1.text2	eng_titlepage	6	6	2
sivuqam_volume2	volume2.part1.text3	eng_titlepage	5	5	2
sivuqam_volume2	volume2.part1.text4	eng_titlepage	8	8	2
sivuqam_volume2	volume2.part2.text1	eng_titlepage	10	13	4
sivuqam_volume2	volume2.part2.text2	eng_titlepage	6	6	2
sivuqam_volume2	volume2.part2.text3	eng_titlepage	7	7	2
sivuqam_volume2	volume2.part3.text1	eng_titlepage	16	16	4
sivuqam_volume2	volume2.part3.text2	eng_titlepage	6	6	2
sivuqam_volume2	volume2.part3.text3	eng_titlepage	5	5	2
sivuqam_volume2	volume2.part3.text4	eng_titlepage	7	7	2
sivuqam_volume2	volume2.part3.text5	eng_titlepage	7	7	2
sivuqam_volume2	volume2.part4.text1	eng_titlepage	11	11	4
sivuqam_volume2	volume2.part4.text2	eng_titlepage	9	9	2
sivuqam_volume2	volume2.part4.text3	eng_titlepage	8	8	2
sivuqam_volume2	volume2.part4.text4	eng_titlepage	7	8	2
sivuqam_volume2	volume2.part4.text5	eng_titlepage	6	6	2
sivuqam_volume2	volume2.part4.text6	eng_titlepage	9	9	2
sivuqam_volume3	volume3.index	eng_titlepage	1051	1741	176
sivuqam_volume3	volume3.part1.text1	eng_titlepage	9	11	4
sivuqam_volume3	volume3.part1.text2	eng_titlepage	7	7	2
sivuqam_volume3	volume3.part1.text3	eng_titlepage	7	7	2
sivuqam_volume3	volume3.part1.text4	eng_titlepage	7	7	2
sivuqam_volume3	volume3.part1.text5	eng_titlepage	6	6	2
sivuqam_volume3	volume3.part1.text6	eng_titlepage	7	7	2
sivuqam_volume3	volume3.part2.text1	eng_titlepage	11	11	4
sivuqam_volume3	volume3.part2.text2	eng_titlepage	5	5	2
sivuqam_volume3	volume3.part2.text3	eng_titlepage	6	6	2
sivuqam_volume3	volume3.part2.text4	eng_titlepage	6	6	2
sivuqam_volume3	volume3.part2.text5	eng_titlepage	5	5	2
sivuqam_volume3	volume3.part2.text6	eng_titlepage	11	11	2
sivuqam_volume3	volume3.part3.text1	eng_titlepage	12	13	4
sivuqam_volume3	volume3.part3.text2	eng_titlepage	6	6	2
sivuqam_volume3	volume3.part3.text3	eng_titlepage	9	9	2
sivuqam_volume3	volume3.part3.text4	eng_titlepage	7	7	2
sivuqam_volume3	volume3.part3.text5	eng_titlepage	8	8	2
sivuqam_volume3	volume3.part3.text6	eng_titlepage	9	9	2
sivuqam_volume3	volume3.preface	eng_titlepage	1871	5226	282
ungipaghaghlanga	ungi.part0-introduction	eng_titlepage	670	1349	85
ungipaghaghlanga	ungi.part1-ayveghlaq.text2	eng_titlepage	4	5	1
ungipaghaghlanga	ungi.part1-ayveghlaq.text3	eng_titlepage	3	3	1
ungipaghaghlanga	ungi.part1-ayveghlaq.text5	eng_titlepage	6	6	1
ungipaghaghlanga	ungi.part1-ayveghlaq.text6	eng_titlepage	4	4	1
ungipaghaghlanga	ungi.part1-ayveghlaq.text7	eng_titlepage	2	2	1
ungipaghaghlanga	ungi.part1-ayveghlaq.text8	eng_titlepage	7	7	1
ungipaghaghlanga	ungi.part2-tagikaq.text10	eng_titlepage	10	11	1
ungipaghaghlanga	ungi.part2-tagikaq.text11	eng_titlepage	4	4	1
ungipaghaghlanga	ungi.part2-tagikaq.text12	eng_titlepage	6	6	1
ungipaghaghlanga	ungi.part2-tagikaq.text15	eng_titlepage	7	7	1
ungipaghaghlanga	ungi.part2-tagikaq.text16	eng_titlepage	6	6	1
ungipaghaghlanga	ungi.part2-tagikaq.text17	eng_titlepage	2	2	1
ungipaghaghlanga	ungi.part2-tagikaq.text18	eng_titlepage	5	5	1
ungipaghaghlanga	ungi.part2-tagikaq.text19	eng_titlepage	8	8	1
ungipaghaghlanga	ungi.part2-tagikaq.text20	eng_titlepage	8	8	1
ungipaghaghlanga	ungi.part2-tagikaq.text9	eng_titlepage	2	2	1
ungipaghaghlanga	ungi.part3-asuya.text21	eng_titlepage	2	2	1
ungipaghaghlanga	ungi.part3-asuya.text22	eng_titlepage	2	2	1
ungipaghaghlanga	ungi.part4-alghalek.text23	eng_titlepage	7	7	1
ungipaghaghlanga	ungi.part4-alghalek.text24	eng_titlepage	4	4	1
ungipaghaghlanga	ungi.part4-alghalek.text25	eng_titlepage	5	5	1
ungipaghaghlanga	ungi.part4-alghalek.text26	eng_titlepage	4	4	1
ungipaghaghlanga	ungi.part4-alghalek.text27	eng_titlepage	6	6	1
ungipaghaghlanga	ungi.part4-alghalek.text28	eng_titlepage	6	6	1
ungipaghaghlanga	ungi.part4-alghalek.text29	eng_titlepage	6	6	1
ungipaghaghlanga	ungi.part4-alghalek.text30	eng_titlepage	6	6	1
ungipaghaghlanga	ungi.part4-alghalek.text31	eng_titlepage	6	6	1
ungipaghaghlanga	ungi.part4-alghalek.text32	eng_titlepage	7	7	1
ungipaghaghlanga	ungi.part5-nanughhaq.text33	eng_titlepage	1	1	1
ungipaghaghlanga	ungi.part6-wiri.text35	eng_titlepage	2	2	1
ungipaghaghlanga	ungi.preface	eng_titlepage	671	1565	15
ungipaghaghlanga	ungi.selectedbibliography	eng_titlepage	435	833	82
2019-03_gambell-scans	Aghnaaneq_Neghsaq_Teghigniqelghii	ess_content	288	388	135
2019-03_gambell-scans	Aghnaghaghhaq_Kayngeni	ess_content	106	116	26
2019-03_gambell-scans	Angalgaam_Qikmii	ess_content	89	118	39
2019-03_gambell-scans	Anglilleqlu_Ayemruugtelleqlu	ess_content	60	69	21
2019-03_gambell-scans	Atavut_Kaatuq	ess_content	37	45	16
2019-03_gambell-scans	Ayumiim_Ungipaghaatangi_I	ess_content	1288	1648	448
2019-03_gambell-scans	Ayumiim_Ungipaghaatangi_II	ess_content	2099	2887	607
2019-03_gambell-scans	Ayumiim_Ungipaghaatangi_III	ess_content	2002	2674	769
2019-03_gambell-scans	Ayumiim_Ungipaghaatangi_IV	ess_content	2691	3660	841
2019-03_gambell-scans	Gguutka	ess_content	37	40	15
2019-03_gambell-scans	Ighsanitalghii_Afsengaq	ess_content	256	289	48
2019-03_gambell-scans	Kapigem_Nengllugutngi_Kayusighiit	ess_content	28	28	9
2019-03_gambell-scans	Kaviighhaankuk_Meteghllugenkuk	ess_content	148	182	34
2019-03_gambell-scans	Kiiluuq	ess_content	90	114	32
2019-03_gambell-scans	Kulusiq	ess_content	77	125	45
2019-03_gambell-scans	Mekelghiighaaq_Umegneghllagmi	ess_content	130	149	29
2019-03_gambell-scans	Naayvamun_Pilghiit	ess_content	107	144	49
2019-03_gambell-scans	Nagatek	ess_content	12	12	8
2019-03_gambell-scans	Naten_Teghikusat_Qavaghaqat	ess_content	22	45	16
2019-03_gambell-scans	Neghqwaaghenka	ess_content	53	55	18
2019-03_gambell-scans	Nerset	ess_content	44	63	16
2019-03_gambell-scans	Otayahuk_Ungazimi	ess_content	1003	1247	209
2019-03_gambell-scans	Pangeghtellghet	ess_content	4088	5882	1251
2019-03_gambell-scans	Pata_Ama_Ilangi	ess_content	63	76	26
2019-03_gambell-scans	Patankut	ess_content	34	42	18
2019-03_gambell-scans	Piinleghani	ess_content	542	684	84
2019-03_gambell-scans	Piitesiighaatlu_ama_Piitutetlu	ess_content	40	51	17
2019-03_gambell-scans	Pingayut_Kaviighhaat	ess_content	128	148	41
2019-03_gambell-scans	Piyaataalghiit	ess_content	136	162	46
2019-03_gambell-scans	Qateghyiighaghhaankuk_Meteghllugenkuk	ess_content	94	107	24
2019-03_gambell-scans	Qateperewaaghmeng_Aatkaqelghii_Yuuk	ess_content	1534	2267	630
2019-03_gambell-scans	Qawaagpaget_Qinuyugtullghiit	ess_content	75	84	16
2019-03_gambell-scans	Qepghaghaqukut_Naghaaghaqukut	ess_content	115	236	85
2019-03_gambell-scans	Qula	ess_content	59	65	13
2019-03_gambell-scans	Qungluk_Liillghii_Pugimameng	ess_content	156	197	42
2019-03_gambell-scans	Rudolph_Quyngiq	ess_content	259	399	89
2019-03_gambell-scans	Sallghet	ess_content	64	64	41
2019-03_gambell-scans	Sigutegka	ess_content	29	30	15
2019-03_gambell-scans	Sikiggaankuk_Meteghllugenkuk	ess_content	75	84	23
2019-03_gambell-scans	Sivuqam_Neghyugnallghan_Yataaghqellghan_Igii	ess_content	262	491	122
2019-03_gambell-scans	Sivuqam_Ungipamsugi	ess_content	1677	2105	458
2019-03_gambell-scans	Taaghtat_Sangwaa_Saaqatgu	ess_content	73	94	37
2019-03_gambell-scans	Tafi	ess_content	8	12	6
2019-03_gambell-scans	Talli	ess_content	61	71	20
2019-03_gambell-scans	Teghikusam_Avaqutii	ess_content	42	67	30
2019-03_gambell-scans	Teghikusat_Nengit	ess_content	31	55	14
2019-03_gambell-scans	Tungtunkuk_Kayungiighhaankuk	ess_content	78	87	17
2019-03_gambell-scans	Ukusta_Nengllugutenka	ess_content	98	200	87
2019-03_gambell-scans	Ulimayaghqat	ess_content	47	55	34
2019-03_gambell-scans	Ungazighmiit	ess_content	568	880	276
2019-03_gambell-scans	Yugunqgusiq	ess_content	249	290	83
jacobson_eoc	Ch10	ess_content	51	52	25
jacobson_eoc	Ch11	ess_content	75	76	21
jacobson_eoc	Ch12	ess_content	42	42	12
jacobson_eoc	Ch13	ess_content	27	27	9
jacobson_eoc	Ch14	ess_content	77	82	28
jacobson_eoc	Ch15	ess_content	59	61	11
jacobson_eoc	Ch16	ess_content	111	113	27
jacobson_eoc	Ch17	ess_content	34	34	10
jacobson_eoc	Ch3	ess_content	34	34	15
jacobson_eoc	Ch4	ess_content	62	64	30
jacobson_eoc	Ch5	ess_content	43	43	16
jacobson_eoc	Ch6	ess_content	72	75	25
jacobson_eoc	Ch7	ess_content	59	61	21
jacobson_eoc	Ch8	ess_content	63	79	34
jacobson_eoc	Ch9	ess_content	61	63	22
level1.kallagneghet-drumbeats	01_Sivuqaq	ess_content	83	85	16
level1.kallagneghet-drumbeats	02_ChewingGum	ess_content	189	244	57
level1.kallagneghet-drumbeats	02_ChewingGum-Note	ess_content	37	37	6
level1.kallagneghet-drumbeats	04_RavenWolf	ess_content	308	403	108
level1.kallagneghet-drumbeats	05_Tufword1	ess_content	35	38	11
level1.kallagneghet-drumbeats	06_Kiiluq	ess_content	90	111	28
level1.kallagneghet-drumbeats	08_Christmas	ess_content	757	854	153
level1.kallagneghet-drumbeats	09_Tufword2	ess_content	29	33	9
level1.kallagneghet-drumbeats	10_UglyBoy	ess_content	291	341	95
level1.kallagneghet-drumbeats	12_Iistumii	ess_content	145	173	46
level1.kallagneghet-drumbeats	12_Iistumii-Appendix	ess_content	33	33	5
level1.kallagneghet-drumbeats	13_Tufword3	ess_content	35	41	8
level1.kallagneghet-drumbeats	14_Tooth	ess_content	229	273	58
level1.kallagneghet-drumbeats	16_Kaspik	ess_content	456	526	109
level1.kallagneghet-drumbeats	18_Squirrel	ess_content	290	370	67
level1.kallagneghet-drumbeats	19_Glossary	ess_content	466	518	115
level1.kallagneghet-drumbeats	IceTest	ess_content	69	82	13
level1.kallagneghet-drumbeats	Idioms	ess_content	78	82	18
level2.akiingqwaghneghet-echoes	1	ess_content	66	69	19
level2.akiingqwaghneghet-echoes	2	ess_content	301	343	79
level2.akiingqwaghneghet-echoes	3	ess_content	97	111	22
level2.akiingqwaghneghet-echoes	4	ess_content	275	362	91
level2.akiingqwaghneghet-echoes	5	ess_content	76	79	16
level2.akiingqwaghneghet-echoes	6	ess_content	161	171	36
level2.akiingqwaghneghet-echoes	7	ess_content	351	404	91
level2.akiingqwaghneghet-echoes	8	ess_content	484	605	129
level2.akiingqwaghneghet-echoes	9	ess_content	718	943	152
level2.akiingqwaghneghet-echoes	10	ess_content	257	304	66
level2.akiingqwaghneghet-echoes	11	ess_content	328	370	68
level2.akiingqwaghneghet-echoes	12	ess_content	102	131	38
level2.akiingqwaghneghet-echoes	13	ess_content	370	454	92
level2.akiingqwaghneghet-echoes	4T	ess_content	39	40	12
level2.akiingqwaghneghet-echoes	5I	ess_content	16	16	4
level2.akiingqwaghneghet-echoes	6I	ess_content	14	15	4
level2.akiingqwaghneghet-echoes	7I	ess_content	18	18	6
level2.akiingqwaghneghet-echoes	8I	ess_content	15	16	5
level2.akiingqwaghneghet-echoes	9I	ess_content	16	16	4
level2.akiingqwaghneghet-echoes	GLOSS	ess_content	752	824	223
level3.suluwet-whisperings	01_SCHOOL_Igaghvigraaghaq	ess_content	361	451	76
level3.suluwet-whisperings	02_SEASONS_Uksuq-Upengaq-Kiik-Uksaaq	ess_content	127	131	73
level3.suluwet-whisperings	03_SHIRT_Kavilnguuk	ess_content	164	170	32
level3.suluwet-whisperings	04_MOUNTAIN_Naayghaa	ess_content	50	52	20
level3.suluwet-whisperings	05_CAMP_Nunaamnni	ess_content	268	288	53
level3.suluwet-whisperings	06_ROCKS_Uyghagi	ess_content	49	50	20
level3.suluwet-whisperings	07_MUREGG_Manigi	ess_content	77	90	12
level3.suluwet-whisperings	08_ICETEST_Tugweq	ess_content	118	131	30
level3.suluwet-whisperings	09_BIRD1-Leghlleq	ess_content	9	10	2
level3.suluwet-whisperings	09_DOG_Qikmim	ess_content	91	107	26
level3.suluwet-whisperings	10_BIRD2_Alpa	ess_content	66	70	16
level3.suluwet-whisperings	10_INSECTS_Tunusat	ess_content	116	141	28
level3.suluwet-whisperings	11_BIRD3_Pagrugwaq	ess_content	20	20	5
level3.suluwet-whisperings	11_FATHER_Atam	ess_content	376	458	109
level3.suluwet-whisperings	12_BIRD4_Tekeyiighaq	ess_content	23	23	3
level3.suluwet-whisperings	12_MOUSE_Ilutuqaq	ess_content	83	91	18
level3.suluwet-whisperings	13_REINDEER_Aghulisigatat	ess_content	49	61	14
level3.suluwet-whisperings	14_STOVE_Egllungllaq	ess_content	162	176	33
level3.suluwet-whisperings	15_SULPIK1	ess_content	173	189	37
level3.suluwet-whisperings	16_SULPIK2	ess_content	203	214	38
level3.suluwet-whisperings	17_SULPIK3	ess_content	223	244	57
level3.suluwet-whisperings	18_CASES_Suflugwamun	ess_content	43	51	15
level3.suluwet-whisperings	19_GIANT_Mayeraaghpagllak	ess_content	311	374	72
level3.suluwet-whisperings	20_ORPHAN_Yaywaali	ess_content	1024	1336	257
level3.suluwet-whisperings	GLOSS	ess_content	462	498	128
level3.suluwet-whisperings	HOMON1	ess_content	18	19	4
level3.suluwet-whisperings	HOMON2	ess_content	13	14	3
level3.suluwet-whisperings	HOMON3	ess_content	21	22	4
level3.suluwet-whisperings	HOMON4	ess_content	22	26	6
level3.suluwet-whisperings	SHARON	ess_content	112	122	20
nagai	nagai.part1.text1	ess_content	378	443	89
nagai	nagai.part1.text10	ess_content	62	64	15
nagai	nagai.part1.text11	ess_content	116	132	23
nagai	nagai.part1.text12	ess_content	92	103	21
nagai	nagai.part1.text13	ess_content	123	149	29
nagai	nagai.part1.text14	ess_content	86	98	20
nagai	nagai.part1.text2	ess_content	44	51	8
nagai	nagai.part1.text3	ess_content	94	118	15
nagai	nagai.part1.text4	ess_content	55	56	9
nagai	nagai.part1.text5	ess_content	79	87	14
nagai	nagai.part1.text6	ess_content	83	89	17
nagai	nagai.part1.text7	ess_content	140	176	38
nagai	nagai.part1.text8	ess_content	66	78	15
nagai	nagai.part1.text9	ess_content	165	188	37
new_testament	B01_01_Matthew	ess_content	224	368	25
new_testament	B01_02_Matthew	ess_content	240	357	21
new_testament	B01_03_Matthew	ess_content	196	262	17
new_testament	B01_04_Matthew	ess_content	260	385	24
new_testament	B01_05_Matthew	ess_content	430	716	48
new_testament	B01_06_Matthew	ess_content	307	481	34
new_testament	B01_07_Matthew	ess_content	280	428	29
new_testament	B01_08_Matthew	ess_content	333	504	34
new_testament	B01_09_Matthew	ess_content	382	569	37
new_testament	B01_10_Matthew	ess_content	400	616	42
new_testament	B01_11_Matthew	ess_content	314	453	30
new_testament	B01_12_Matthew	ess_content	519	801	50
new_testament	B01_13_Matthew	ess_content	538	865	57
new_testament	B01_14_Matthew	ess_content	306	468	34
new_testament	B01_15_Matthew	ess_content	354	543	38
new_testament	B01_16_Matthew	ess_content	306	450	28
new_testament	B01_17_Matthew	ess_content	267	402	27
new_testament	B01_18_Matthew	ess_content	351	526	35
new_testament	B01_19_Matthew	ess_content	306	476	30
new_testament	B01_20_Matthew	ess_content	320	472	34
new_testament	B01_21_Matthew	ess_content	525	779	46
new_testament	B01_22_Matthew	ess_content	403	617	46
new_testament	B01_23_Matthew	ess_content	398	632	39
new_testament	B01_24_Matthew	ess_content	461	706	51
new_testament	B01_25_Matthew	ess_content	387	623	46
new_testament	B01_26_Matthew	ess_content	664	1103	75
new_testament	B01_27_Matthew	ess_content	603	932	65
new_testament	B01_28_Matthew	ess_content	206	282	20
new_testament	B02_01_Mark	ess_content	407	618	44
new_testament	B02_02_Mark	ess_content	322	468	28
new_testament	B02_03_Mark	ess_content	311	469	34
new_testament	B02_04_Mark	ess_content	383	636	40
new_testament	B02_05_Mark	ess_content	385	573	40
new_testament	B02_06_Mark	ess_content	542	834	54
new_testament	B02_07_Mark	ess_content	380	567	36
new_testament	B02_08_Mark	ess_content	357	545	37
new_testament	B02_09_Mark	ess_content	463	738	49
new_testament	B02_10_Mark	ess_content	464	722	52
new_testament	B02_11_Mark	ess_content	318	478	32
new_testament	B02_12_Mark	ess_content	489	717	44
new_testament	B02_13_Mark	ess_content	368	531	37
new_testament	B02_14_Mark	ess_content	663	1088	72
new_testament	B02_15_Mark	ess_content	422	638	46
new_testament	B02_16_Mark	ess_content	205	285	20
new_testament	B03_01_Luke	ess_content	626	992	79
new_testament	B03_02_Luke	ess_content	485	699	51
new_testament	B03_03_Luke	ess_content	419	658	38
new_testament	B03_04_Luke	ess_content	415	626	44
new_testament	B03_05_Luke	ess_content	394	593	39
new_testament	B03_06_Luke	ess_content	487	740	49
new_testament	B03_07_Luke	ess_content	531	790	50
new_testament	B03_08_Luke	ess_content	576	909	55
new_testament	B03_09_Luke	ess_content	584	929	61
new_testament	B03_10_Luke	ess_content	466	678	42
new_testament	B03_11_Luke	ess_content	576	868	54
new_testament	B03_12_Luke	ess_content	590	906	59
new_testament	B03_13_Luke	ess_content	378	557	35
new_testament	B03_14_Luke	ess_content	332	506	35
new_testament	B03_15_Luke	ess_content	287	440	32
new_testament	B03_16_Luke	ess_content	357	525	30
new_testament	B03_17_Luke	ess_content	357	558	37
new_testament	B03_18_Luke	ess_content	393	599	43
new_testament	B03_19_Luke	ess_content	446	669	48
new_testament	B03_20_Luke	ess_content	428	662	47
new_testament	B03_21_Luke	ess_content	357	518	38
new_testament	B03_22_Luke	ess_content	606	967	71
new_testament	B03_23_Luke	ess_content	483	744	52
new_testament	B03_24_Luke	ess_content	448	679	53
new_testament	B04_01_John	ess_content	440	699	50
new_testament	B04_02_John	ess_content	248	361	25
new_testament	B04_03_John	ess_content	342	544	36
new_testament	B04_04_John	ess_content	481	761	53
new_testament	B04_05_John	ess_content	440	684	47
new_testament	B04_06_John	ess_content	616	1036	71
new_testament	B04_07_John	ess_content	442	742	53
new_testament	B04_08_John	ess_content	504	851	59
new_testament	B04_09_John	ess_content	343	582	41
new_testament	B04_10_John	ess_content	357	568	41
new_testament	B04_11_John	ess_content	483	783	57
new_testament	B04_12_John	ess_content	488	747	49
new_testament	B04_13_John	ess_content	355	554	38
new_testament	B04_14_John	ess_content	290	441	31
new_testament	B04_15_John	ess_content	242	357	27
new_testament	B04_16_John	ess_content	299	487	33
new_testament	B04_17_John	ess_content	253	402	26
new_testament	B04_18_John	ess_content	402	639	40
new_testament	B04_19_John	ess_content	443	685	42
new_testament	B04_20_John	ess_content	301	459	31
new_testament	B04_21_John	ess_content	265	417	25
new_testament	B05_01_Acts	ess_content	313	413	17
new_testament	B05_02_Acts	ess_content	458	664	44
new_testament	B05_03_Acts	ess_content	288	417	25
new_testament	B05_04_Acts	ess_content	387	559	34
new_testament	B05_05_Acts	ess_content	440	655	41
new_testament	B05_06_Acts	ess_content	185	256	15
new_testament	B05_07_Acts	ess_content	645	977	60
new_testament	B05_08_Acts	ess_content	381	565	35
new_testament	B05_09_Acts	ess_content	440	652	41
new_testament	B05_10_Acts	ess_content	455	708	46
new_testament	B05_11_Acts	ess_content	301	429	29
new_testament	B05_12_Acts	ess_content	276	406	25
new_testament	B05_13_Acts	ess_content	583	848	50
new_testament	B05_14_Acts	ess_content	307	451	27
new_testament	B05_15_Acts	ess_content	416	647	41
new_testament	B05_16_Acts	ess_content	431	639	40
new_testament	B05_17_Acts	ess_content	405	604	34
new_testament	B05_18_Acts	ess_content	309	457	28
new_testament	B05_19_Acts	ess_content	462	683	41
new_testament	B05_20_Acts	ess_content	410	574	38
new_testament	B05_21_Acts	ess_content	443	658	40
new_testament	B05_22_Acts	ess_content	308	446	30
new_testament	B05_23_Acts	ess_content	351	537	34
new_testament	B05_24_Acts	ess_content	303	416	27
new_testament	B05_25_Acts	ess_content	297	437	27
new_testament	B05_26_Acts	ess_content	353	496	32
new_testament	B05_27_Acts	ess_content	433	642	44
new_testament	B05_28_Acts	ess_content	346	491	30
new_testament	B06_01_Romans	ess_content	351	531	32
new_testament	B06_02_Romans	ess_content	299	472	29
new_testament	B06_03_Romans	ess_content	278	459	31
new_testament	B06_04_Romans	ess_content	258	431	25
new_testament	B06_05_Romans	ess_content	243	403	21
new_testament	B06_06_Romans	ess_content	223	339	23
new_testament	B06_07_Romans	ess_content	254	388	25
new_testament	B06_08_Romans	ess_content	405	656	39
new_testament	B06_09_Romans	ess_content	368	538	32
new_testament	B06_10_Romans	ess_content	235	345	21
new_testament	B06_11_Romans	ess_content	407	636	36
new_testament	B06_12_Romans	ess_content	207	286	21
new_testament	B06_13_Romans	ess_content	171	244	14
new_testament	B06_14_Romans	ess_content	246	383	23
new_testament	B06_15_Romans	ess_content	339	511	33
new_testament	B06_16_Romans	ess_content	274	406	26
new_testament	B07_01_1Corinthians	ess_content	306	485	31
new_testament	B07_02_1Corinthians	ess_content	181	279	16
new_testament	B07_03_1Corinthians	ess_content	243	346	21
new_testament	B07_04_1Corinthians	ess_content	242	333	21
new_testament	B07_05_1Corinthians	ess_content	157	196	10
new_testament	B07_06_1Corinthians	ess_content	242	335	18
new_testament	B07_07_1Corinthians	ess_content	396	627	40
new_testament	B07_08_1Corinthians	ess_content	152	208	13
new_testament	B07_09_1Corinthians	ess_content	312	458	27
new_testament	B07_10_1Corinthians	ess_content	351	502	32
new_testament	B07_11_1Corinthians	ess_content	309	489	34
new_testament	B07_12_1Corinthians	ess_content	275	462	31
new_testament	B07_13_1Corinthians	ess_content	131	185	13
new_testament	B07_14_1Corinthians	ess_content	395	640	40
new_testament	B07_15_1Corinthians	ess_content	544	857	54
new_testament	B07_16_1Corinthians	ess_content	209	296	24
new_testament	B08_01_2Corinthians	ess_content	270	385	24
new_testament	B08_02_2Corinthians	ess_content	195	270	17
new_testament	B08_03_2Corinthians	ess_content	194	275	18
new_testament	B08_04_2Corinthians	ess_content	209	302	18
new_testament	B08_05_2Corinthians	ess_content	219	323	21
new_testament	B08_06_2Corinthians	ess_content	177	248	18
new_testament	B08_07_2Corinthians	ess_content	205	275	16
new_testament	B08_08_2Corinthians	ess_content	264	367	24
new_testament	B08_09_2Corinthians	ess_content	191	258	15
new_testament	B08_10_2Corinthians	ess_content	187	270	18
new_testament	B08_11_2Corinthians	ess_content	350	501	33
new_testament	B08_12_2Corinthians	ess_content	269	382	21
new_testament	B08_13_2Corinthians	ess_content	154	216	14
new_testament	B09_01_Galatians	ess_content	234	338	24
new_testament	B09_02_Galatians	ess_content	264	382	21
new_testament	B09_03_Galatians	ess_content	317	504	29
new_testament	B09_04_Galatians	ess_content	310	457	30
new_testament	B09_05_Galatians	ess_content	247	359	26
new_testament	B09_06_Galatians	ess_content	191	268	18
new_testament	B10_01_Ephesians	ess_content	231	339	22
new_testament	B10_02_Ephesians	ess_content	234	343	22
new_testament	B10_03_Ephesians	ess_content	212	306	21
new_testament	B10_04_Ephesians	ess_content	330	476	32
new_testament	B10_05_Ephesians	ess_content	314	475	33
new_testament	B10_06_Ephesians	ess_content	252	359	23
new_testament	B11_01_Philippians	ess_content	291	439	30
new_testament	B11_02_Philippians	ess_content	272	392	28
new_testament	B11_03_Philippians	ess_content	255	352	21
new_testament	B11_04_Philippians	ess_content	251	348	23
new_testament	B12_01_Colossians	ess_content	338	518	29
new_testament	B12_02_Colossians	ess_content	271	394	23
new_testament	B12_03_Colossians	ess_content	254	362	25
new_testament	B12_04_Colossians	ess_content	211	284	18
new_testament	B13_01_1Thessalonians	ess_content	126	171	10
new_testament	B13_02_1Thessalonians	ess_content	221	318	19
new_testament	B13_03_1Thessalonians	ess_content	143	196	13
new_testament	B13_04_1Thessalonians	ess_content	191	270	18
new_testament	B13_05_1Thessalonians	ess_content	201	310	28
new_testament	B14_01_2Thessalonians	ess_content	150	204	12
new_testament	B14_02_2Thessalonians	ess_content	197	282	17
new_testament	B14_03_2Thessalonians	ess_content	159	238	18
new_testament	B15_01_1Timothy	ess_content	246	336	20
new_testament	B15_02_1Timothy	ess_content	155	210	14
new_testament	B15_03_1Timothy	ess_content	161	226	16
new_testament	B15_04_1Timothy	ess_content	181	247	16
new_testament	B15_05_1Timothy	ess_content	257	376	25
new_testament	B15_06_1Timothy	ess_content	256	367	21
new_testament	B16_01_2Timothy	ess_content	201	280	18
new_testament	B16_02_2Timothy	ess_content	270	383	26
new_testament	B16_03_2Timothy	ess_content	178	250	17
new_testament	B16_04_2Timothy	ess_content	231	312	22
new_testament	B17_01_Titus	ess_content	213	285	16
new_testament	B17_02_Titus	ess_content	165	229	15
new_testament	B17_03_Titus	ess_content	176	229	15
new_testament	B18_01_Philemon	ess_content	218	327	25
new_testament	B19_01_Hebrews	ess_content	165	230	14
new_testament	B19_02_Hebrews	ess_content	215	313	18
new_testament	B19_03_Hebrews	ess_content	190	278	18
new_testament	B19_04_Hebrews	ess_content	204	295	16
new_testament	B19_05_Hebrews	ess_content	146	220	14
new_testament	B19_06_Hebrews	ess_content	216	297	18
new_testament	B19_07_Hebrews	ess_content	316	492	28
new_testament	B19_08_Hebrews	ess_content	166	225	13
new_testament	B19_09_Hebrews	ess_content	400	587	28
new_testament	B19_10_Hebrews	ess_content	394	592	39
new_testament	B19_11_Hebrews	ess_content	462	700	39
new_testament	B19_12_Hebrews	ess_content	350	493	29
new_testament	B19_13_Hebrews	ess_content	252	361	25
new_testament	B20_01_James	ess_content	257	370	26
new_testament	B20_02_James	ess_content	289	417	26
new_testament	B20_03_James	ess_content	189	262	18
new_testament	B20_04_James	ess_content	186	258	17
new_testament	B20_05_James	ess_content	238	324	19
new_testament	B21_01_1Peter	ess_content	317	441	25
new_testament	B21_02_1Peter	ess_content	279	398	25
new_testament	B21_03_1Peter	ess_content	254	367	22
new_testament	B21_04_1Peter	ess_content	216	300	19
new_testament	B21_05_1Peter	ess_content	159	222	14
new_testament	B22_01_2Peter	ess_content	253	351	21
new_testament	B22_02_2Peter	ess_content	303	422	21
new_testament	B22_03_2Peter	ess_content	253	333	18
new_testament	B23_01_1John	ess_content	107	143	10
new_testament	B23_02_1John	ess_content	305	485	29
new_testament	B23_03_1John	ess_content	239	372	23
new_testament	B23_04_1John	ess_content	223	350	21
new_testament	B23_05_1John	ess_content	199	318	21
new_testament	B24_01_2John	ess_content	143	196	13
new_testament	B25_01_3John	ess_content	161	219	15
new_testament	B26_01_Jude	ess_content	418	580	25
new_testament	B27_01_Revelation	ess_content	288	394	18
new_testament	B27_02_Revelation	ess_content	340	515	29
new_testament	B27_03_Revelation	ess_content	267	393	22
new_testament	B27_04_Revelation	ess_content	171	246	11
new_testament	B27_05_Revelation	ess_content	199	286	14
new_testament	B27_06_Revelation	ess_content	225	320	17
new_testament	B27_07_Revelation	ess_content	201	296	17
new_testament	B27_08_Revelation	ess_content	175	241	13
new_testament	B27_09_Revelation	ess_content	254	354	21
new_testament	B27_10_Revelation	ess_content	147	198	11
new_testament	B27_11_Revelation	ess_content	271	361	19
new_testament	B27_12_Revelation	ess_content	211	305	18
new_testament	B27_13_Revelation	ess_content	243	346	18
new_testament	B27_14_Revelation	ess_content	293	413	20
new_testament	B27_15_Revelation	ess_content	129	169	8
new_testament	B27_16_Revelation	ess_content	240	354	21
new_testament	B27_17_Revelation	ess_content	249	353	18
new_testament	B27_18_Revelation	ess_content	338	459	24
new_testament	B27_19_Revelation	ess_content	303	401	21
new_testament	B27_20_Revelation	ess_content	224	313	15
new_testament	B27_21_Revelation	ess_content	326	480	27
new_testament	B27_22_Revelation	ess_content	263	373	21
sivuqam_volume1	volume1.part1.text1	ess_content	318	363	61
sivuqam_volume1	volume1.part1.text2	ess_content	968	1149	258
sivuqam_volume1	volume1.part1.text3	ess_content	147	164	28
sivuqam_volume1	volume1.part1.text4	ess_content	337	393	54
sivuqam_volume1	volume1.part2.text1	ess_content	461	572	87
sivuqam_volume1	volume1.part2.text2	ess_content	182	207	34
sivuqam_volume1	volume1.part2.text3	ess_content	534	645	114
sivuqam_volume1	volume1.part2.text4	ess_content	763	930	122
sivuqam_volume1	volume1.part2.text5	ess_content	120	129	22
sivuqam_volume1	volume1.part2.text6	ess_content	200	237	33
sivuqam_volume1	volume1.part2.text7	ess_content	240	298	56
sivuqam_volume1	volume1.part3.text1	ess_content	323	365	52
sivuqam_volume1	volume1.part3.text2	ess_content	266	297	56
sivuqam_volume1	volume1.part3.text3	ess_content	48	57	26
sivuqam_volume1	volume1.part3.text4	ess_content	476	600	101
sivuqam_volume1	volume1.part3.text5	ess_content	160	191	27
sivuqam_volume1	volume1.part3.text6	ess_content	65	75	12
sivuqam_volume1	volume1.part3.text7	ess_content	195	217	34
sivuqam_volume2	volume2.part1.text1	ess_content	759	927	170
sivuqam_volume2	volume2.part1.text2	ess_content	77	83	14
sivuqam_volume2	volume2.part1.text3	ess_content	487	566	107
sivuqam_volume2	volume2.part1.text4	ess_content	158	173	32
sivuqam_volume2	volume2.part2.text1	ess_content	133	139	28
sivuqam_volume2	volume2.part2.text2	ess_content	1729	2223	395
sivuqam_volume2	volume2.part2.text3	ess_content	131	135	25
sivuqam_volume2	volume2.part3.text1	ess_content	748	933	176
sivuqam_volume2	volume2.part3.text2	ess_content	917	1128	212
sivuqam_volume2	volume2.part3.text3	ess_content	1162	1388	326
sivuqam_volume2	volume2.part3.text4	ess_content	223	239	46
sivuqam_volume2	volume2.part3.text5	ess_content	1534	1933	368
sivuqam_volume2	volume2.part4.text1	ess_content	250	274	54
sivuqam_volume2	volume2.part4.text2	ess_content	76	79	14
sivuqam_volume2	volume2.part4.text3	ess_content	485	613	106
sivuqam_volume2	volume2.part4.text4	ess_content	85	97	17
sivuqam_volume2	volume2.part4.text5	ess_content	375	441	77
sivuqam_volume2	volume2.part4.text6	ess_content	294	355	52
sivuqam_volume3	volume3.part1.text1	ess_content	1082	1264	282
sivuqam_volume3	volume3.part1.text2	ess_content	679	847	134
sivuqam_volume3	volume3.part1.text3	ess_content	379	421	88
sivuqam_volume3	volume3.part1.text4	ess_content	181	191	37
sivuqam_volume3	volume3.part1.text5	ess_content	648	712	158
sivuqam_volume3	volume3.part1.text6	ess_content	485	549	103
sivuqam_volume3	volume3.part2.text1	ess_content	231	286	40
sivuqam_volume3	volume3.part2.text2	ess_content	720	817	186
sivuqam_volume3	volume3.part2.text3	ess_content	2509	3437	721
sivuqam_volume3	volume3.part2.text4	ess_content	657	801	138
sivuqam_volume3	volume3.part2.text5	ess_content	643	811	137
sivuqam_volume3	volume3.part2.text6	ess_content	271	322	52
sivuqam_volume3	volume3.part3.text1	ess_content	780	1030	193
sivuqam_volume3	volume3.part3.text2	ess_content	184	246	56
sivuqam_volume3	volume3.part3.text3	ess_content	294	352	65
sivuqam_volume3	volume3.part3.text4	ess_content	110	121	23
sivuqam_volume3	volume3.part3.text5	ess_content	281	322	58
sivuqam_volume3	volume3.part3.text6	ess_content	310	439	86
ungipaghaghlanga	ungi.part1-ayveghlaq.text1	ess_content	447	532	145
ungipaghaghlanga	ungi.part1-ayveghlaq.text2	ess_content	744	1066	273
ungipaghaghlanga	ungi.part1-ayveghlaq.text3	ess_content	491	732	198
ungipaghaghlanga	ungi.part1-ayveghlaq.text4	ess_content	525	710	196
ungipaghaghlanga	ungi.part1-ayveghlaq.text5	ess_content	591	840	207
ungipaghaghlanga	ungi.part1-ayveghlaq.text6	ess_content	250	341	99
ungipaghaghlanga	ungi.part1-ayveghlaq.text7	ess_content	181	206	40
ungipaghaghlanga	ungi.part1-ayveghlaq.text8	ess_content	60	98	20
ungipaghaghlanga	ungi.part2-tagikaq.text10	ess_content	82	93	19
ungipaghaghlanga	ungi.part2-tagikaq.text11	ess_content	143	186	41
ungipaghaghlanga	ungi.part2-tagikaq.text12	ess_content	398	502	122
ungipaghaghlanga	ungi.part2-tagikaq.text13	ess_content	692	1043	275
ungipaghaghlanga	ungi.part2-tagikaq.text14	ess_content	528	773	189
ungipaghaghlanga	ungi.part2-tagikaq.text15	ess_content	298	395	95
ungipaghaghlanga	ungi.part2-tagikaq.text16	ess_content	47	47	10
ungipaghaghlanga	ungi.part2-tagikaq.text17	ess_content	142	152	36
ungipaghaghlanga	ungi.part2-tagikaq.text18	ess_content	176	227	49
ungipaghaghlanga	ungi.part2-tagikaq.text19	ess_content	192	410	107
ungipaghaghlanga	ungi.part2-tagikaq.text20	ess_content	367	496	118
ungipaghaghlanga	ungi.part2-tagikaq.text9	ess_content	70	121	32
ungipaghaghlanga	ungi.part3-asuya.text21	ess_content	213	233	61
ungipaghaghlanga	ungi.part3-asuya.text22	ess_content	72	80	22
ungipaghaghlanga	ungi.part4-alghalek.text23	ess_content	283	339	73
ungipaghaghlanga	ungi.part4-alghalek.text24	ess_content	335	395	82
ungipaghaghlanga	ungi.part4-alghalek.text25	ess_content	296	381	81
ungipaghaghlanga	ungi.part4-alghalek.text26	ess_content	649	822	160
ungipaghaghlanga	ungi.part4-alghalek.text27	ess_content	532	651	115
ungipaghaghlanga	ungi.part4-alghalek.text28	ess_content	219	266	49
ungipaghaghlanga	ungi.part4-alghalek.text29	ess_content	367	451	95
ungipaghaghlanga	ungi.part4-alghalek.text30	ess_content	169	199	43
ungipaghaghlanga	ungi.part4-alghalek.text31	ess_content	651	850	180
ungipaghaghlanga	ungi.part4-alghalek.text32	ess_content	99	169	44
ungipaghaghlanga	ungi.part5-nanughhaq.text33	ess_content	29	39	15
ungipaghaghlanga	ungi.part5-nanughhaq.text34	ess_content	177	202	59
ungipaghaghlanga	ungi.part6-wiri.text35	ess_content	292	369	87
2019-03_gambell-scans	Aghnaaneq_Neghsaq_Teghigniqelghii	ess_titlepage	3	3	1
2019-03_gambell-scans	Aghnaghaghhaq_Kayngeni	ess_titlepage	2	2	1
2019-03_gambell-scans	Angalgaam_Qikmii	ess_titlepage	10	10	3
2019-03_gambell-scans	Anglilleqlu_Ayemruugtelleqlu	ess_titlepage	2	2	1
2019-03_gambell-scans	Atavut_Kaatuq	ess_titlepage	2	2	1
2019-03_gambell-scans	Ayumiim_Ungipaghaatangi_I	ess_titlepage	69	76	29
2019-03_gambell-scans	Ayumiim_Ungipaghaatangi_II	ess_titlepage	41	46	22
2019-03_gambell-scans	Ayumiim_Ungipaghaatangi_III	ess_titlepage	63	89	25
2019-03_gambell-scans	Ayumiim_Ungipaghaatangi_IV	ess_titlepage	72	78	28
2019-03_gambell-scans	Gguutka	ess_titlepage	1	1	1
2019-03_gambell-scans	Ighsanitalghii_Afsengaq	ess_titlepage	6	6	3
2019-03_gambell-scans	Kapigem_Nengllugutngi_Kayusighiit	ess_titlepage	3	3	1
2019-03_gambell-scans	Kaviighhaankuk_Meteghllugenkuk	ess_titlepage	9	9	3
2019-03_gambell-scans	Kiiluuq	ess_titlepage	40	41	15
2019-03_gambell-scans	Kulusiq	ess_titlepage	13	13	3
2019-03_gambell-scans	Mekelghiighaaq_Umegneghllagmi	ess_titlepage	2	2	1
2019-03_gambell-scans	Naayvamun_Pilghiit	ess_titlepage	2	2	1
2019-03_gambell-scans	Nagatek	ess_titlepage	17	18	6
2019-03_gambell-scans	Naten_Teghikusat_Qavaghaqat	ess_titlepage	19	20	4
2019-03_gambell-scans	Neghqwaaghenka	ess_titlepage	17	18	6
2019-03_gambell-scans	Nerset	ess_titlepage	17	18	6
2019-03_gambell-scans	Otayahuk_Ungazimi	ess_titlepage	33	36	13
2019-03_gambell-scans	Pangeghtellghet	ess_titlepage	199	284	48
2019-03_gambell-scans	Pata_Ama_Ilangi	ess_titlepage	8	8	3
2019-03_gambell-scans	Patankut	ess_titlepage	6	6	3
2019-03_gambell-scans	Piinleghani	ess_titlepage	3	3	2
2019-03_gambell-scans	Piitesiighaatlu_ama_Piitutetlu	ess_titlepage	19	20	4
2019-03_gambell-scans	Pingayut_Kaviighhaat	ess_titlepage	6	6	3
2019-03_gambell-scans	Piyaataalghiit	ess_titlepage	5	5	3
2019-03_gambell-scans	Qateghyiighaghhaankuk_Meteghllugenkuk	ess_titlepage	2	2	1
2019-03_gambell-scans	Qateperewaaghmeng_Aatkaqelghii_Yuuk	ess_titlepage	45	48	14
2019-03_gambell-scans	Qawaagpaget_Qinuyugtullghiit	ess_titlepage	9	9	3
2019-03_gambell-scans	Qepghaghaqukut_Naghaaghaqukut	ess_titlepage	11	11	3
2019-03_gambell-scans	Qula	ess_titlepage	1	1	1
2019-03_gambell-scans	Qungluk_Liillghii_Pugimameng	ess_titlepage	8	8	3
2019-03_gambell-scans	Rudolph_Quyngiq	ess_titlepage	9	9	3
2019-03_gambell-scans	Sallghet	ess_titlepage	33	33	11
2019-03_gambell-scans	Sigutegka	ess_titlepage	17	18	4
2019-03_gambell-scans	Sikiggaankuk_Meteghllugenkuk	ess_titlepage	2	2	1
2019-03_gambell-scans	Sivuqam_Neghyugnallghan_Yataaghqellghan_Igii	ess_titlepage	55	58	23
2019-03_gambell-scans	Sivuqam_Ungipamsugi	ess_titlepage	88	133	33
2019-03_gambell-scans	Taaghtat_Sangwaa_Saaqatgu	ess_titlepage	19	20	6
2019-03_gambell-scans	Tafi	ess_titlepage	1	1	1
2019-03_gambell-scans	Talli	ess_titlepage	1	1	1
2019-03_gambell-scans	Teghikusam_Avaqutii	ess_titlepage	2	2	1
2019-03_gambell-scans	Teghikusat_Nengit	ess_titlepage	9	9	3
2019-03_gambell-scans	Tungtunkuk_Kayungiighhaankuk	ess_titlepage	9	9	2
2019-03_gambell-scans	Ukusta_Nengllugutenka	ess_titlepage	18	19	3
2019-03_gambell-scans	Ulimayaghqat	ess_titlepage	1	1	1
2019-03_gambell-scans	Ungazighmiit	ess_titlepage	1	1	1
2019-03_gambell-scans	Yugunqgusiq	ess_titlepage	1	1	1
level1.kallagneghet-drumbeats	00_TblCon	ess_titlepage	36	37	20
level1.kallagneghet-drumbeats	01_Sivuqaq	ess_titlepage	6	6	2
level1.kallagneghet-drumbeats	02_ChewingGum	ess_titlepage	4	4	2
level1.kallagneghet-drumbeats	04_RavenWolf	ess_titlepage	5	5	2
level1.kallagneghet-drumbeats	06_Kiiluq	ess_titlepage	4	4	2
level1.kallagneghet-drumbeats	08_Christmas	ess_titlepage	5	5	2
level1.kallagneghet-drumbeats	10_UglyBoy	ess_titlepage	5	5	2
level1.kallagneghet-drumbeats	12_Iistumii	ess_titlepage	5	5	2
level1.kallagneghet-drumbeats	14_Tooth	ess_titlepage	4	4	2
level1.kallagneghet-drumbeats	16_Kaspik	ess_titlepage	5	5	2
level1.kallagneghet-drumbeats	18_Squirrel	ess_titlepage	5	5	2
level2.akiingqwaghneghet-echoes	1	ess_titlepage	6	6	2
level2.akiingqwaghneghet-echoes	2	ess_titlepage	6	6	2
level2.akiingqwaghneghet-echoes	3	ess_titlepage	4	4	2
level2.akiingqwaghneghet-echoes	4	ess_titlepage	4	4	2
level2.akiingqwaghneghet-echoes	5	ess_titlepage	3	3	2
level2.akiingqwaghneghet-echoes	6	ess_titlepage	6	6	2
level2.akiingqwaghneghet-echoes	7	ess_titlepage	4	4	2
level2.akiingqwaghneghet-echoes	8	ess_titlepage	4	4	2
level2.akiingqwaghneghet-echoes	9	ess_titlepage	4	4	2
level2.akiingqwaghneghet-echoes	10	ess_titlepage	5	5	2
level2.akiingqwaghneghet-echoes	11	ess_titlepage	6	6	2
level2.akiingqwaghneghet-echoes	12	ess_titlepage	5	5	2
level2.akiingqwaghneghet-echoes	13	ess_titlepage	4	4	2
level2.akiingqwaghneghet-echoes	4T	ess_titlepage	6	6	2
level3.suluwet-whisperings	01_SCHOOL_Igaghvigraaghaq	ess_titlepage	3	3	2
level3.suluwet-whisperings	02_SEASONS_Uksuq-Upengaq-Kiik-Uksaaq	ess_titlepage	4	4	1
level3.suluwet-whisperings	03_SHIRT_Kavilnguuk	ess_titlepage	4	4	2
level3.suluwet-whisperings	04_MOUNTAIN_Naayghaa	ess_titlepage	4	4	2
level3.suluwet-whisperings	05_CAMP_Nunaamnni	ess_titlepage	3	3	2
level3.suluwet-whisperings	06_ROCKS_Uyghagi	ess_titlepage	4	4	2
level3.suluwet-whisperings	07_MUREGG_Manigi	ess_titlepage	4	4	2
level3.suluwet-whisperings	08_ICETEST_Tugweq	ess_titlepage	5	5	2
level3.suluwet-whisperings	09_BIRD1-Leghlleq	ess_titlepage	1	1	1
level3.suluwet-whisperings	09_DOG_Qikmim	ess_titlepage	4	4	2
level3.suluwet-whisperings	10_BIRD2_Alpa	ess_titlepage	1	1	1
level3.suluwet-whisperings	10_INSECTS_Tunusat	ess_titlepage	4	4	2
level3.suluwet-whisperings	11_BIRD3_Pagrugwaq	ess_titlepage	1	1	1
level3.suluwet-whisperings	11_FATHER_Atam	ess_titlepage	5	5	2
level3.suluwet-whisperings	12_BIRD4_Tekeyiighaq	ess_titlepage	1	1	1
level3.suluwet-whisperings	12_MOUSE_Ilutuqaq	ess_titlepage	4	4	2
level3.suluwet-whisperings	13_REINDEER_Aghulisigatat	ess_titlepage	5	5	2
level3.suluwet-whisperings	14_STOVE_Egllungllaq	ess_titlepage	3	3	2
level3.suluwet-whisperings	15_SULPIK1	ess_titlepage	5	5	2
level3.suluwet-whisperings	16_SULPIK2	ess_titlepage	4	4	2
level3.suluwet-whisperings	17_SULPIK3	ess_titlepage	4	4	2
level3.suluwet-whisperings	18_CASES_Suflugwamun	ess_titlepage	4	4	2
level3.suluwet-whisperings	19_GIANT_Mayeraaghpagllak	ess_titlepage	3	3	2
level3.suluwet-whisperings	20_ORPHAN_Yaywaali	ess_titlepage	5	5	2
level3.suluwet-whisperings	GLOSS	ess_titlepage	2	2	1
level3.suluwet-whisperings	HOMON1	ess_titlepage	3	3	2
level3.suluwet-whisperings	HOMON2	ess_titlepage	3	3	2
level3.suluwet-whisperings	HOMON3	ess_titlepage	3	3	2
level3.suluwet-whisperings	HOMON4	ess_titlepage	3	3	2
level3.suluwet-whisperings	PART1	ess_titlepage	2	2	1
level3.suluwet-whisperings	PART2	ess_titlepage	2	2	1
level3.suluwet-whisperings	PART3	ess_titlepage	1	1	1
level3.suluwet-whisperings	PART4	ess_titlepage	1	1	1
level3.suluwet-whisperings	SHARON	ess_titlepage	2	2	1
nagai	nagai.part1.text1	ess_titlepage	2	2	1
nagai	nagai.part1.text10	ess_titlepage	1	1	1
nagai	nagai.part1.text11	ess_titlepage	1	1	1
nagai	nagai.part1.text12	ess_titlepage	1	1	1
nagai	nagai.part1.text13	ess_titlepage	1	1	1
nagai	nagai.part1.text14	ess_titlepage	1	1	1
nagai	nagai.part1.text2	ess_titlepage	1	1	1
nagai	nagai.part1.text3	ess_titlepage	1	1	1
nagai	nagai.part1.text4	ess_titlepage	1	1	1
nagai	nagai.part1.text5	ess_titlepage	1	1	1
nagai	nagai.part1.text6	ess_titlepage	1	1	1
nagai	nagai.part1.text7	ess_titlepage	1	1	1
nagai	nagai.part1.text8	ess_titlepage	1	1	1
nagai	nagai.part1.text9	ess_titlepage	1	1	1
sivuqam_volume1	volume1.part1.text1	ess_titlepage	4	4	2
sivuqam_volume1	volume1.part1.text2	ess_titlepage	5	5	2
sivuqam_volume1	volume1.part1.text3	ess_titlepage	3	3	2
sivuqam_volume1	volume1.part1.text4	ess_titlepage	5	5	2
sivuqam_volume1	volume1.part2.text1	ess_titlepage	6	6	2
sivuqam_volume1	volume1.part2.text2	ess_titlepage	4	4	2
sivuqam_volume1	volume1.part2.text3	ess_titlepage	6	6	2
sivuqam_volume1	volume1.part2.text4	ess_titlepage	6	6	2
sivuqam_volume1	volume1.part2.text5	ess_titlepage	5	5	2
sivuqam_volume1	volume1.part2.text6	ess_titlepage	4	4	2
sivuqam_volume1	volume1.part2.text7	ess_titlepage	4	4	2
sivuqam_volume1	volume1.part3.text1	ess_titlepage	5	5	2
sivuqam_volume1	volume1.part3.text2	ess_titlepage	4	4	2
sivuqam_volume1	volume1.part3.text3	ess_titlepage	4	4	2
sivuqam_volume1	volume1.part3.text4	ess_titlepage	4	4	2
sivuqam_volume1	volume1.part3.text5	ess_titlepage	4	4	2
sivuqam_volume1	volume1.part3.text6	ess_titlepage	5	5	2
sivuqam_volume1	volume1.part3.text7	ess_titlepage	4	4	2
sivuqam_volume2	volume2.part1.text1	ess_titlepage	16	21	6
sivuqam_volume2	volume2.part1.text2	ess_titlepage	6	7	2
sivuqam_volume2	volume2.part1.text3	ess_titlepage	4	5	2
sivuqam_volume2	volume2.part1.text4	ess_titlepage	5	6	2
sivuqam_volume2	volume2.part2.text1	ess_titlepage	11	15	6
sivuqam_volume2	volume2.part2.text2	ess_titlepage	5	6	3
sivuqam_volume2	volume2.part2.text3	ess_titlepage	5	6	2
sivuqam_volume2	volume2.part3.text1	ess_titlepage	12	17	6
sivuqam_volume2	volume2.part3.text2	ess_titlepage	5	6	2
sivuqam_volume2	volume2.part3.text3	ess_titlepage	4	6	2
sivuqam_volume2	volume2.part3.text4	ess_titlepage	5	6	2
sivuqam_volume2	volume2.part3.text5	ess_titlepage	4	5	2
sivuqam_volume2	volume2.part4.text1	ess_titlepage	12	17	6
sivuqam_volume2	volume2.part4.text2	ess_titlepage	7	8	2
sivuqam_volume2	volume2.part4.text3	ess_titlepage	5	6	2
sivuqam_volume2	volume2.part4.text4	ess_titlepage	4	5	2
sivuqam_volume2	volume2.part4.text5	ess_titlepage	5	6	2
sivuqam_volume2	volume2.part4.text6	ess_titlepage	6	7	2
sivuqam_volume3	volume3.part1.text1	ess_titlepage	5	6	4
sivuqam_volume3	volume3.part1.text2	ess_titlepage	5	6	2
sivuqam_volume3	volume3.part1.text3	ess_titlepage	4	5	2
sivuqam_volume3	volume3.part1.text4	ess_titlepage	4	5	2
sivuqam_volume3	volume3.part1.text5	ess_titlepage	4	4	2
sivuqam_volume3	volume3.part1.text6	ess_titlepage	5	6	2
sivuqam_volume3	volume3.part2.text1	ess_titlepage	7	8	4
sivuqam_volume3	volume3.part2.text2	ess_titlepage	4	5	2
sivuqam_volume3	volume3.part2.text3	ess_titlepage	5	6	2
sivuqam_volume3	volume3.part2.text4	ess_titlepage	4	4	2
sivuqam_volume3	volume3.part2.text5	ess_titlepage	5	5	2
sivuqam_volume3	volume3.part2.text6	ess_titlepage	6	6	2
sivuqam_volume3	volume3.part3.text1	ess_titlepage	3	3	2
sivuqam_volume3	volume3.part3.text2	ess_titlepage	4	4	2
sivuqam_volume3	volume3.part3.text3	ess_titlepage	3	3	2
sivuqam_volume3	volume3.part3.text4	ess_titlepage	6	6	2
sivuqam_volume3	volume3.part3.text5	ess_titlepage	3	3	2
sivuqam_volume3	volume3.part3.text6	ess_titlepage	6	7	2
ungipaghaghlanga	ungi.part0-introduction	ess_titlepage	524	625	90
ungipaghaghlanga	ungi.part0-introduction	ess_titlepage	524	625	90
ungipaghaghlanga	ungi.part1-ayveghlaq.text1	ess_titlepage	1	1	1
ungipaghaghlanga	ungi.part1-ayveghlaq.text2	ess_titlepage	2	2	1
ungipaghaghlanga	ungi.part1-ayveghlaq.text3	ess_titlepage	1	1	1
ungipaghaghlanga	ungi.part1-ayveghlaq.text4	ess_titlepage	1	1	1
ungipaghaghlanga	ungi.part1-ayveghlaq.text5	ess_titlepage	2	2	1
ungipaghaghlanga	ungi.part1-ayveghlaq.text6	ess_titlepage	2	2	1
ungipaghaghlanga	ungi.part1-ayveghlaq.text7	ess_titlepage	2	2	1
ungipaghaghlanga	ungi.part1-ayveghlaq.text8	ess_titlepage	3	3	1
ungipaghaghlanga	ungi.part2-tagikaq.text10	ess_titlepage	5	5	1
ungipaghaghlanga	ungi.part2-tagikaq.text11	ess_titlepage	2	2	1
ungipaghaghlanga	ungi.part2-tagikaq.text12	ess_titlepage	2	2	1
ungipaghaghlanga	ungi.part2-tagikaq.text13	ess_titlepage	1	1	1
ungipaghaghlanga	ungi.part2-tagikaq.text14	ess_titlepage	1	1	1
ungipaghaghlanga	ungi.part2-tagikaq.text15	ess_titlepage	3	3	1
ungipaghaghlanga	ungi.part2-tagikaq.text16	ess_titlepage	3	3	1
ungipaghaghlanga	ungi.part2-tagikaq.text17	ess_titlepage	1	1	1
ungipaghaghlanga	ungi.part2-tagikaq.text18	ess_titlepage	2	2	1
ungipaghaghlanga	ungi.part2-tagikaq.text19	ess_titlepage	4	4	1
ungipaghaghlanga	ungi.part2-tagikaq.text20	ess_titlepage	4	4	1
ungipaghaghlanga	ungi.part2-tagikaq.text9	ess_titlepage	1	1	1
ungipaghaghlanga	ungi.part3-asuya.text21	ess_titlepage	1	1	1
ungipaghaghlanga	ungi.part3-asuya.text22	ess_titlepage	2	2	1
ungipaghaghlanga	ungi.part4-alghalek.text23	ess_titlepage	4	4	1
ungipaghaghlanga	ungi.part4-alghalek.text24	ess_titlepage	2	2	1
ungipaghaghlanga	ungi.part4-alghalek.text25	ess_titlepage	2	2	1
ungipaghaghlanga	ungi.part4-alghalek.text26	ess_titlepage	1	1	1
ungipaghaghlanga	ungi.part4-alghalek.text27	ess_titlepage	3	3	1
ungipaghaghlanga	ungi.part4-alghalek.text28	ess_titlepage	3	3	1
ungipaghaghlanga	ungi.part4-alghalek.text29	ess_titlepage	2	2	1
ungipaghaghlanga	ungi.part4-alghalek.text30	ess_titlepage	2	2	1
ungipaghaghlanga	ungi.part4-alghalek.text31	ess_titlepage	2	2	1
ungipaghaghlanga	ungi.part4-alghalek.text32	ess_titlepage	2	2	1
ungipaghaghlanga	ungi.part5-nanughhaq.text33	ess_titlepage	1	1	1
ungipaghaghlanga	ungi.part5-nanughhaq.text34	ess_titlepage	1	1	1
ungipaghaghlanga	ungi.part6-wiri.text35	ess_titlepage	1	1	1
					
		Yupik ALL	157925	218513	29115
		English ALL	165221	422563	24366
					
		ess_content	155215	215365	28272
		eng_content	156636	406467	22878
					
		ess_content READERS	21352	29083	7075
			0.1375640241	0.1350405126	0.2502475948
		ess_content ANTHOLOGIES			
		ess_content NT			
